Title,Description,Destination Link,Board,Media File,Media Path,Game Name,Hook Type
Play Geometry Jump Online Free,"Play Geometry Jump online free in your browser. Jump, dash, and fly your cube through rhythm spikes! No download or registration required! #GeometryJump #BrowserGames #ArcadeGames #FreeGames #OnlineGames",https://playmixgames.in/GeometryDash/,Free Browser Games,images/GeometryDash_pin_1.png,/Users/gauravpurohit/Documents/GP/Playmix/output/pinterest_pins/images/GeometryDash_pin_1.png,Geometry Jump,Direct Play
Can You Master Geometry Jump?,"Test your skills with Geometry Jump! Jump, dash, and fly your cube through rhythm spikes! Can you solve every level and get the high score? Play free on PlayMix now. #GeometryJump #BrowserGames #ArcadeGames #FreeGames #OnlineGames",https://playmixgames.in/GeometryDash/,Free Browser Games,images/GeometryDash_pin_2.png,/Users/gauravpurohit/Documents/GP/Playmix/output/pinterest_pins/images/GeometryDash_pin_2.png,Geometry Jump,Challenge
Relax With Geometry Jump,"Unwind and have fun with Geometry Jump online. Jump, dash, and fly your cube through rhythm spikes! Perfect for a quick gaming break anytime! #GeometryJump #BrowserGames #ArcadeGames #FreeGames #OnlineGames",https://playmixgames.in/GeometryDash/,Free Browser Games,images/GeometryDash_pin_3.png,/Users/gauravpurohit/Documents/GP/Playmix/output/pinterest_pins/images/GeometryDash_pin_3.png,Geometry Jump,Relaxation
Play Knife Hit Online Free,"Play Knife Hit online free in your browser. Throw knives, hit the target, slice apples! No download or registration required! #KnifeHit #BrowserGames #ArcadeGames #FreeGames #OnlineGames",https://playmixgames.in/KnifeHit/,Free Browser Games,images/KnifeHit_pin_1.png,/Users/gauravpurohit/Documents/GP/Playmix/output/pinterest_pins/images/KnifeHit_pin_1.png,Knife Hit,Direct Play
Can You Master Knife Hit?,"Test your skills with Knife Hit! Throw knives, hit the target, slice apples! Can you solve every level and get the high score? Play free on PlayMix now. #KnifeHit #BrowserGames #ArcadeGames #FreeGames #OnlineGames",https://playmixgames.in/KnifeHit/,Free Browser Games,images/KnifeHit_pin_2.png,/Users/gauravpurohit/Documents/GP/Playmix/output/pinterest_pins/images/KnifeHit_pin_2.png,Knife Hit,Challenge
Relax With Knife Hit,"Unwind and have fun with Knife Hit online. Throw knives, hit the target, slice apples! Perfect for a quick gaming break anytime! #KnifeHit #BrowserGames #ArcadeGames #FreeGames #OnlineGames",https://playmixgames.in/KnifeHit/,Free Browser Games,images/KnifeHit_pin_3.png,/Users/gauravpurohit/Documents/GP/Playmix/output/pinterest_pins/images/KnifeHit_pin_3.png,Knife Hit,Relaxation
Play Marble Sort Online Free,"Play Marble Sort online free in your browser. Drop marbles, ride the belt, sort by color! No download or registration required! #MarbleSort #PuzzleGames #BrowserGames #OnlineGames #PlayMix",https://playmixgames.in/MarbleSort/,Puzzle Games,images/MarbleSort_pin_1.png,/Users/gauravpurohit/Documents/GP/Playmix/output/pinterest_pins/images/MarbleSort_pin_1.png,Marble Sort,Direct Play
Can You Master Marble Sort?,"Test your skills with Marble Sort! Drop marbles, ride the belt, sort by color! Can you solve every level and get the high score? Play free on PlayMix now. #MarbleSort #PuzzleGames #BrowserGames #OnlineGames #PlayMix",https://playmixgames.in/MarbleSort/,Puzzle Games,images/MarbleSort_pin_2.png,/Users/gauravpurohit/Documents/GP/Playmix/output/pinterest_pins/images/MarbleSort_pin_2.png,Marble Sort,Challenge
Relax With Marble Sort,"Unwind and have fun with Marble Sort online. Drop marbles, ride the belt, sort by color! Perfect for a quick gaming break anytime! #MarbleSort #PuzzleGames #BrowserGames #OnlineGames #PlayMix",https://playmixgames.in/MarbleSort/,Puzzle Games,images/MarbleSort_pin_3.png,/Users/gauravpurohit/Documents/GP/Playmix/output/pinterest_pins/images/MarbleSort_pin_3.png,Marble Sort,Relaxation
Play Number Master Online Free,"Play Number Master online free in your browser. Collect numbers, dodge threats, break walls! No download or registration required! #NumberMaster #BrainGames #MathGames #Sudoku #LogicPuzzles",https://playmixgames.in/NumberMaster/,Brain Games,images/NumberMaster_pin_1.png,/Users/gauravpurohit/Documents/GP/Playmix/output/pinterest_pins/images/NumberMaster_pin_1.png,Number Master,Direct Play
Can You Master Number Master?,"Test your skills with Number Master! Collect numbers, dodge threats, break walls! Can you solve every level and get the high score? Play free on PlayMix now. #NumberMaster #BrainGames #MathGames #Sudoku #LogicPuzzles",https://playmixgames.in/NumberMaster/,Brain Games,images/NumberMaster_pin_2.png,/Users/gauravpurohit/Documents/GP/Playmix/output/pinterest_pins/images/NumberMaster_pin_2.png,Number Master,Challenge
Relax With Number Master,"Unwind and have fun with Number Master online. Collect numbers, dodge threats, break walls! Perfect for a quick gaming break anytime! #NumberMaster #BrainGames #MathGames #Sudoku #LogicPuzzles",https://playmixgames.in/NumberMaster/,Brain Games,images/NumberMaster_pin_3.png,/Users/gauravpurohit/Documents/GP/Playmix/output/pinterest_pins/images/NumberMaster_pin_3.png,Number Master,Relaxation
Play Crossy Road Online Free,Play Crossy Road online free in your browser. Navigate the sunny roads and collect number balloons No download or registration required! #CrossyRoad #BrowserGames #ArcadeGames #FreeGames #OnlineGames,https://playmixgames.in/CrossyRoad/,Free Browser Games,images/CrossyRoad_pin_1.png,/Users/gauravpurohit/Documents/GP/Playmix/output/pinterest_pins/images/CrossyRoad_pin_1.png,Crossy Road,Direct Play
Can You Master Crossy Road?,Test your skills with Crossy Road! Navigate the sunny roads and collect number balloons Can you solve every level and get the high score? Play free on PlayMix now. #CrossyRoad #BrowserGames #ArcadeGames #FreeGames #OnlineGames,https://playmixgames.in/CrossyRoad/,Free Browser Games,images/CrossyRoad_pin_2.png,/Users/gauravpurohit/Documents/GP/Playmix/output/pinterest_pins/images/CrossyRoad_pin_2.png,Crossy Road,Challenge
Relax With Crossy Road,Unwind and have fun with Crossy Road online. Navigate the sunny roads and collect number balloons Perfect for a quick gaming break anytime! #CrossyRoad #BrowserGames #ArcadeGames #FreeGames #OnlineGames,https://playmixgames.in/CrossyRoad/,Free Browser Games,images/CrossyRoad_pin_3.png,/Users/gauravpurohit/Documents/GP/Playmix/output/pinterest_pins/images/CrossyRoad_pin_3.png,Crossy Road,Relaxation
Play Balloon Ninja Slice Online Free,Play Balloon Ninja Slice online free in your browser. Swipe to slash flying balloons and dodge the bombs! No download or registration required! #BalloonNinjaSlice #RelaxingGames #CasualGames #AntiStress #BrowserGames,https://playmixgames.in/NeonSlicer/,Relaxing Games,images/NeonSlicer_pin_1.png,/Users/gauravpurohit/Documents/GP/Playmix/output/pinterest_pins/images/NeonSlicer_pin_1.png,Balloon Ninja Slice,Direct Play
Can You Master Balloon Ninja Slice?,Test your skills with Balloon Ninja Slice! Swipe to slash flying balloons and dodge the bombs! Can you solve every level and get the high score? Play free on PlayMix now. #BalloonNinjaSlice #RelaxingGames #CasualGames #AntiStress #BrowserGames,https://playmixgames.in/NeonSlicer/,Relaxing Games,images/NeonSlicer_pin_2.png,/Users/gauravpurohit/Documents/GP/Playmix/output/pinterest_pins/images/NeonSlicer_pin_2.png,Balloon Ninja Slice,Challenge
Relax With Balloon Ninja Slice,Unwind and have fun with Balloon Ninja Slice online. Swipe to slash flying balloons and dodge the bombs! Perfect for a quick gaming break anytime! #BalloonNinjaSlice #RelaxingGames #CasualGames #AntiStress #BrowserGames,https://playmixgames.in/NeonSlicer/,Relaxing Games,images/NeonSlicer_pin_3.png,/Users/gauravpurohit/Documents/GP/Playmix/output/pinterest_pins/images/NeonSlicer_pin_3.png,Balloon Ninja Slice,Relaxation
Play Word Crossword Online Free,Play Word Crossword online free in your browser. Master the Modern Word Crossword! No download or registration required! #WordCrossword #HiddenObjectGames #WordGames #BrowserGames #OnlineGames,https://playmixgames.in/WordCrossword/,Hidden Object Games,images/WordCrossword_pin_1.png,/Users/gauravpurohit/Documents/GP/Playmix/output/pinterest_pins/images/WordCrossword_pin_1.png,Word Crossword,Direct Play
Can You Master Word Crossword?,Test your skills with Word Crossword! Master the Modern Word Crossword! Can you solve every level and get the high score? Play free on PlayMix now. #WordCrossword #HiddenObjectGames #WordGames #BrowserGames #OnlineGames,https://playmixgames.in/WordCrossword/,Hidden Object Games,images/WordCrossword_pin_2.png,/Users/gauravpurohit/Documents/GP/Playmix/output/pinterest_pins/images/WordCrossword_pin_2.png,Word Crossword,Challenge
Relax With Word Crossword,Unwind and have fun with Word Crossword online. Master the Modern Word Crossword! Perfect for a quick gaming break anytime! #WordCrossword #HiddenObjectGames #WordGames #BrowserGames #OnlineGames,https://playmixgames.in/WordCrossword/,Hidden Object Games,images/WordCrossword_pin_3.png,/Users/gauravpurohit/Documents/GP/Playmix/output/pinterest_pins/images/WordCrossword_pin_3.png,Word Crossword,Relaxation
Play Highway Rush Online Free,Play Highway Rush online free in your browser. Play Highway Rush free in your browser. No download or registration required! #HighwayRush #BrowserGames #ArcadeGames #FreeGames #OnlineGames,https://playmixgames.in/HighwayRush/,Free Browser Games,images/HighwayRush_pin_1.png,/Users/gauravpurohit/Documents/GP/Playmix/output/pinterest_pins/images/HighwayRush_pin_1.png,Highway Rush,Direct Play
Can You Master Highway Rush?,Test your skills with Highway Rush! Play Highway Rush free in your browser. Can you solve every level and get the high score? Play free on PlayMix now. #HighwayRush #BrowserGames #ArcadeGames #FreeGames #OnlineGames,https://playmixgames.in/HighwayRush/,Free Browser Games,images/HighwayRush_pin_2.png,/Users/gauravpurohit/Documents/GP/Playmix/output/pinterest_pins/images/HighwayRush_pin_2.png,Highway Rush,Challenge
Relax With Highway Rush,Unwind and have fun with Highway Rush online. Play Highway Rush free in your browser. Perfect for a quick gaming break anytime! #HighwayRush #BrowserGames #ArcadeGames #FreeGames #OnlineGames,https://playmixgames.in/HighwayRush/,Free Browser Games,images/HighwayRush_pin_3.png,/Users/gauravpurohit/Documents/GP/Playmix/output/pinterest_pins/images/HighwayRush_pin_3.png,Highway Rush,Relaxation
Play Galaxy Shooter Online Free,Play Galaxy Shooter online free in your browser. Play Galaxy Shooter free in your browser. No download or registration required! #GalaxyShooter #BrowserGames #ArcadeGames #FreeGames #OnlineGames,https://playmixgames.in/GalaxyAssault/,Free Browser Games,images/GalaxyAssault_pin_1.png,/Users/gauravpurohit/Documents/GP/Playmix/output/pinterest_pins/images/GalaxyAssault_pin_1.png,Galaxy Shooter,Direct Play
Can You Master Galaxy Shooter?,Test your skills with Galaxy Shooter! Play Galaxy Shooter free in your browser. Can you solve every level and get the high score? Play free on PlayMix now. #GalaxyShooter #BrowserGames #ArcadeGames #FreeGames #OnlineGames,https://playmixgames.in/GalaxyAssault/,Free Browser Games,images/GalaxyAssault_pin_2.png,/Users/gauravpurohit/Documents/GP/Playmix/output/pinterest_pins/images/GalaxyAssault_pin_2.png,Galaxy Shooter,Challenge
Relax With Galaxy Shooter,Unwind and have fun with Galaxy Shooter online. Play Galaxy Shooter free in your browser. Perfect for a quick gaming break anytime! #GalaxyShooter #BrowserGames #ArcadeGames #FreeGames #OnlineGames,https://playmixgames.in/GalaxyAssault/,Free Browser Games,images/GalaxyAssault_pin_3.png,/Users/gauravpurohit/Documents/GP/Playmix/output/pinterest_pins/images/GalaxyAssault_pin_3.png,Galaxy Shooter,Relaxation
Play Flappy Rise Bird Online Free,Play Flappy Rise Bird online free in your browser. Play Flappy Rise Bird free in your browser. No download or registration required! #FlappyRiseBird #BrowserGames #ArcadeGames #FreeGames #OnlineGames,https://playmixgames.in/FlappyRise/,Free Browser Games,images/FlappyRise_pin_1.png,/Users/gauravpurohit/Documents/GP/Playmix/output/pinterest_pins/images/FlappyRise_pin_1.png,Flappy Rise Bird,Direct Play
Can You Master Flappy Rise Bird?,Test your skills with Flappy Rise Bird! Play Flappy Rise Bird free in your browser. Can you solve every level and get the high score? Play free on PlayMix now. #FlappyRiseBird #BrowserGames #ArcadeGames #FreeGames #OnlineGames,https://playmixgames.in/FlappyRise/,Free Browser Games,images/FlappyRise_pin_2.png,/Users/gauravpurohit/Documents/GP/Playmix/output/pinterest_pins/images/FlappyRise_pin_2.png,Flappy Rise Bird,Challenge
Relax With Flappy Rise Bird,Unwind and have fun with Flappy Rise Bird online. Play Flappy Rise Bird free in your browser. Perfect for a quick gaming break anytime! #FlappyRiseBird #BrowserGames #ArcadeGames #FreeGames #OnlineGames,https://playmixgames.in/FlappyRise/,Free Browser Games,images/FlappyRise_pin_3.png,/Users/gauravpurohit/Documents/GP/Playmix/output/pinterest_pins/images/FlappyRise_pin_3.png,Flappy Rise Bird,Relaxation
Play Doodle Jump Online Free,Play Doodle Jump online free in your browser. Play Doodle Jump free in your browser. No download or registration required! #DoodleJump #BrowserGames #ArcadeGames #FreeGames #OnlineGames,https://playmixgames.in/DoodleJump/,Free Browser Games,images/DoodleJump_pin_1.png,/Users/gauravpurohit/Documents/GP/Playmix/output/pinterest_pins/images/DoodleJump_pin_1.png,Doodle Jump,Direct Play
Can You Master Doodle Jump?,Test your skills with Doodle Jump! Play Doodle Jump free in your browser. Can you solve every level and get the high score? Play free on PlayMix now. #DoodleJump #BrowserGames #ArcadeGames #FreeGames #OnlineGames,https://playmixgames.in/DoodleJump/,Free Browser Games,images/DoodleJump_pin_2.png,/Users/gauravpurohit/Documents/GP/Playmix/output/pinterest_pins/images/DoodleJump_pin_2.png,Doodle Jump,Challenge
Relax With Doodle Jump,Unwind and have fun with Doodle Jump online. Play Doodle Jump free in your browser. Perfect for a quick gaming break anytime! #DoodleJump #BrowserGames #ArcadeGames #FreeGames #OnlineGames,https://playmixgames.in/DoodleJump/,Free Browser Games,images/DoodleJump_pin_3.png,/Users/gauravpurohit/Documents/GP/Playmix/output/pinterest_pins/images/DoodleJump_pin_3.png,Doodle Jump,Relaxation
Play Idle Ball Escape Online Free,Play Idle Ball Escape online free in your browser. Play Idle Ball Escape free in your browser. No download or registration required! #IdleBallEscape #BrowserGames #ArcadeGames #FreeGames #OnlineGames,https://playmixgames.in/IdleBallEscape/,Free Browser Games,images/IdleBallEscape_pin_1.png,/Users/gauravpurohit/Documents/GP/Playmix/output/pinterest_pins/images/IdleBallEscape_pin_1.png,Idle Ball Escape,Direct Play
Can You Master Idle Ball Escape?,Test your skills with Idle Ball Escape! Play Idle Ball Escape free in your browser. Can you solve every level and get the high score? Play free on PlayMix now. #IdleBallEscape #BrowserGames #ArcadeGames #FreeGames #OnlineGames,https://playmixgames.in/IdleBallEscape/,Free Browser Games,images/IdleBallEscape_pin_2.png,/Users/gauravpurohit/Documents/GP/Playmix/output/pinterest_pins/images/IdleBallEscape_pin_2.png,Idle Ball Escape,Challenge
Relax With Idle Ball Escape,Unwind and have fun with Idle Ball Escape online. Play Idle Ball Escape free in your browser. Perfect for a quick gaming break anytime! #IdleBallEscape #BrowserGames #ArcadeGames #FreeGames #OnlineGames,https://playmixgames.in/IdleBallEscape/,Free Browser Games,images/IdleBallEscape_pin_3.png,/Users/gauravpurohit/Documents/GP/Playmix/output/pinterest_pins/images/IdleBallEscape_pin_3.png,Idle Ball Escape,Relaxation
Play Kids Balloon Pop Online Free,Play Kids Balloon Pop online free in your browser. Play Kids Balloon Pop free in your browser. No download or registration required! #KidsBalloonPop #FamilyGames #BoardGames #ClassicGames #Ludo,https://playmixgames.in/KidsBalloonPop/,Family Games,images/KidsBalloonPop_pin_1.png,/Users/gauravpurohit/Documents/GP/Playmix/output/pinterest_pins/images/KidsBalloonPop_pin_1.png,Kids Balloon Pop,Direct Play
Can You Master Kids Balloon Pop?,Test your skills with Kids Balloon Pop! Play Kids Balloon Pop free in your browser. Can you solve every level and get the high score? Play free on PlayMix now. #KidsBalloonPop #FamilyGames #BoardGames #ClassicGames #Ludo,https://playmixgames.in/KidsBalloonPop/,Family Games,images/KidsBalloonPop_pin_2.png,/Users/gauravpurohit/Documents/GP/Playmix/output/pinterest_pins/images/KidsBalloonPop_pin_2.png,Kids Balloon Pop,Challenge
Relax With Kids Balloon Pop,Unwind and have fun with Kids Balloon Pop online. Play Kids Balloon Pop free in your browser. Perfect for a quick gaming break anytime! #KidsBalloonPop #FamilyGames #BoardGames #ClassicGames #Ludo,https://playmixgames.in/KidsBalloonPop/,Family Games,images/KidsBalloonPop_pin_3.png,/Users/gauravpurohit/Documents/GP/Playmix/output/pinterest_pins/images/KidsBalloonPop_pin_3.png,Kids Balloon Pop,Relaxation
Play Coloring for Kids Online Free,Play Coloring for Kids online free in your browser. Play Coloring for Kids free in your browser. No download or registration required! #ColoringforKids #RelaxingGames #CasualGames #AntiStress #BrowserGames,https://playmixgames.in/ColoringKids/,Relaxing Games,images/ColoringKids_pin_1.png,/Users/gauravpurohit/Documents/GP/Playmix/output/pinterest_pins/images/ColoringKids_pin_1.png,Coloring for Kids,Direct Play
Can You Master Coloring for Kids?,Test your skills with Coloring for Kids! Play Coloring for Kids free in your browser. Can you solve every level and get the high score? Play free on PlayMix now. #ColoringforKids #RelaxingGames #CasualGames #AntiStress #BrowserGames,https://playmixgames.in/ColoringKids/,Relaxing Games,images/ColoringKids_pin_2.png,/Users/gauravpurohit/Documents/GP/Playmix/output/pinterest_pins/images/ColoringKids_pin_2.png,Coloring for Kids,Challenge
Relax With Coloring for Kids,Unwind and have fun with Coloring for Kids online. Play Coloring for Kids free in your browser. Perfect for a quick gaming break anytime! #ColoringforKids #RelaxingGames #CasualGames #AntiStress #BrowserGames,https://playmixgames.in/ColoringKids/,Relaxing Games,images/ColoringKids_pin_3.png,/Users/gauravpurohit/Documents/GP/Playmix/output/pinterest_pins/images/ColoringKids_pin_3.png,Coloring for Kids,Relaxation
Play Brick Breaker Online Free,Play Brick Breaker online free in your browser. Play Brick Breaker free in your browser. No download or registration required! #BrickBreaker #FamilyGames #BoardGames #ClassicGames #Ludo,https://playmixgames.in/BrickBreaker/,Family Games,images/BrickBreaker_pin_1.png,/Users/gauravpurohit/Documents/GP/Playmix/output/pinterest_pins/images/BrickBreaker_pin_1.png,Brick Breaker,Direct Play
Can You Master Brick Breaker?,Test your skills with Brick Breaker! Play Brick Breaker free in your browser. Can you solve every level and get the high score? Play free on PlayMix now. #BrickBreaker #FamilyGames #BoardGames #ClassicGames #Ludo,https://playmixgames.in/BrickBreaker/,Family Games,images/BrickBreaker_pin_2.png,/Users/gauravpurohit/Documents/GP/Playmix/output/pinterest_pins/images/BrickBreaker_pin_2.png,Brick Breaker,Challenge
Relax With Brick Breaker,Unwind and have fun with Brick Breaker online. Play Brick Breaker free in your browser. Perfect for a quick gaming break anytime! #BrickBreaker #FamilyGames #BoardGames #ClassicGames #Ludo,https://playmixgames.in/BrickBreaker/,Family Games,images/BrickBreaker_pin_3.png,/Users/gauravpurohit/Documents/GP/Playmix/output/pinterest_pins/images/BrickBreaker_pin_3.png,Brick Breaker,Relaxation
Play Bubble Shooter Online Free,Play Bubble Shooter online free in your browser. Play Bubble Shooter free in your browser. No download or registration required! #BubbleShooter #RelaxingGames #CasualGames #AntiStress #BrowserGames,https://playmixgames.in/BubbleShooter/,Relaxing Games,images/BubbleShooter_pin_1.png,/Users/gauravpurohit/Documents/GP/Playmix/output/pinterest_pins/images/BubbleShooter_pin_1.png,Bubble Shooter,Direct Play
Can You Master Bubble Shooter?,Test your skills with Bubble Shooter! Play Bubble Shooter free in your browser. Can you solve every level and get the high score? Play free on PlayMix now. #BubbleShooter #RelaxingGames #CasualGames #AntiStress #BrowserGames,https://playmixgames.in/BubbleShooter/,Relaxing Games,images/BubbleShooter_pin_2.png,/Users/gauravpurohit/Documents/GP/Playmix/output/pinterest_pins/images/BubbleShooter_pin_2.png,Bubble Shooter,Challenge
Relax With Bubble Shooter,Unwind and have fun with Bubble Shooter online. Play Bubble Shooter free in your browser. Perfect for a quick gaming break anytime! #BubbleShooter #RelaxingGames #CasualGames #AntiStress #BrowserGames,https://playmixgames.in/BubbleShooter/,Relaxing Games,images/BubbleShooter_pin_3.png,/Users/gauravpurohit/Documents/GP/Playmix/output/pinterest_pins/images/BubbleShooter_pin_3.png,Bubble Shooter,Relaxation
Play Dancing Line Online Free,Play Dancing Line online free in your browser. Play Dancing Line free in your browser. No download or registration required! #DancingLine #BrowserGames #ArcadeGames #FreeGames #OnlineGames,https://playmixgames.in/DancingLine/,Free Browser Games,images/DancingLine_pin_1.png,/Users/gauravpurohit/Documents/GP/Playmix/output/pinterest_pins/images/DancingLine_pin_1.png,Dancing Line,Direct Play
Can You Master Dancing Line?,Test your skills with Dancing Line! Play Dancing Line free in your browser. Can you solve every level and get the high score? Play free on PlayMix now. #DancingLine #BrowserGames #ArcadeGames #FreeGames #OnlineGames,https://playmixgames.in/DancingLine/,Free Browser Games,images/DancingLine_pin_2.png,/Users/gauravpurohit/Documents/GP/Playmix/output/pinterest_pins/images/DancingLine_pin_2.png,Dancing Line,Challenge
Relax With Dancing Line,Unwind and have fun with Dancing Line online. Play Dancing Line free in your browser. Perfect for a quick gaming break anytime! #DancingLine #BrowserGames #ArcadeGames #FreeGames #OnlineGames,https://playmixgames.in/DancingLine/,Free Browser Games,images/DancingLine_pin_3.png,/Users/gauravpurohit/Documents/GP/Playmix/output/pinterest_pins/images/DancingLine_pin_3.png,Dancing Line,Relaxation
Play Striker League Online Free,Play Striker League online free in your browser. Play Striker League free in your browser. No download or registration required! #StrikerLeague #BrowserGames #ArcadeGames #FreeGames #OnlineGames,https://playmixgames.in/StrikerLeague/,Free Browser Games,images/StrikerLeague_pin_1.png,/Users/gauravpurohit/Documents/GP/Playmix/output/pinterest_pins/images/StrikerLeague_pin_1.png,Striker League,Direct Play
Can You Master Striker League?,Test your skills with Striker League! Play Striker League free in your browser. Can you solve every level and get the high score? Play free on PlayMix now. #StrikerLeague #BrowserGames #ArcadeGames #FreeGames #OnlineGames,https://playmixgames.in/StrikerLeague/,Free Browser Games,images/StrikerLeague_pin_2.png,/Users/gauravpurohit/Documents/GP/Playmix/output/pinterest_pins/images/StrikerLeague_pin_2.png,Striker League,Challenge
Relax With Striker League,Unwind and have fun with Striker League online. Play Striker League free in your browser. Perfect for a quick gaming break anytime! #StrikerLeague #BrowserGames #ArcadeGames #FreeGames #OnlineGames,https://playmixgames.in/StrikerLeague/,Free Browser Games,images/StrikerLeague_pin_3.png,/Users/gauravpurohit/Documents/GP/Playmix/output/pinterest_pins/images/StrikerLeague_pin_3.png,Striker League,Relaxation
Play 8 Ball Pool Online Free,Play 8 Ball Pool online free in your browser. Play 8 Ball Pool free in your browser. No download or registration required! #8BallPool #BrowserGames #ArcadeGames #FreeGames #OnlineGames,https://playmixgames.in/Pool/,Free Browser Games,images/Pool_pin_1.png,/Users/gauravpurohit/Documents/GP/Playmix/output/pinterest_pins/images/Pool_pin_1.png,8 Ball Pool,Direct Play
Can You Master 8 Ball Pool?,Test your skills with 8 Ball Pool! Play 8 Ball Pool free in your browser. Can you solve every level and get the high score? Play free on PlayMix now. #8BallPool #BrowserGames #ArcadeGames #FreeGames #OnlineGames,https://playmixgames.in/Pool/,Free Browser Games,images/Pool_pin_2.png,/Users/gauravpurohit/Documents/GP/Playmix/output/pinterest_pins/images/Pool_pin_2.png,8 Ball Pool,Challenge
Relax With 8 Ball Pool,Unwind and have fun with 8 Ball Pool online. Play 8 Ball Pool free in your browser. Perfect for a quick gaming break anytime! #8BallPool #BrowserGames #ArcadeGames #FreeGames #OnlineGames,https://playmixgames.in/Pool/,Free Browser Games,images/Pool_pin_3.png,/Users/gauravpurohit/Documents/GP/Playmix/output/pinterest_pins/images/Pool_pin_3.png,8 Ball Pool,Relaxation
Play Cricket Master Online Free,Play Cricket Master online free in your browser. Play Cricket Master free in your browser. No download or registration required! #CricketMaster #BrowserGames #ArcadeGames #FreeGames #OnlineGames,https://playmixgames.in/CricketMaster/,Free Browser Games,images/CricketMaster_pin_1.png,/Users/gauravpurohit/Documents/GP/Playmix/output/pinterest_pins/images/CricketMaster_pin_1.png,Cricket Master,Direct Play
Can You Master Cricket Master?,Test your skills with Cricket Master! Play Cricket Master free in your browser. Can you solve every level and get the high score? Play free on PlayMix now. #CricketMaster #BrowserGames #ArcadeGames #FreeGames #OnlineGames,https://playmixgames.in/CricketMaster/,Free Browser Games,images/CricketMaster_pin_2.png,/Users/gauravpurohit/Documents/GP/Playmix/output/pinterest_pins/images/CricketMaster_pin_2.png,Cricket Master,Challenge
Relax With Cricket Master,Unwind and have fun with Cricket Master online. Play Cricket Master free in your browser. Perfect for a quick gaming break anytime! #CricketMaster #BrowserGames #ArcadeGames #FreeGames #OnlineGames,https://playmixgames.in/CricketMaster/,Free Browser Games,images/CricketMaster_pin_3.png,/Users/gauravpurohit/Documents/GP/Playmix/output/pinterest_pins/images/CricketMaster_pin_3.png,Cricket Master,Relaxation
Play Head Football Online Free,Play Head Football online free in your browser. Play Head Football free in your browser. No download or registration required! #HeadFootball #BrowserGames #ArcadeGames #FreeGames #OnlineGames,https://playmixgames.in/HeadFootball/,Free Browser Games,images/HeadFootball_pin_1.png,/Users/gauravpurohit/Documents/GP/Playmix/output/pinterest_pins/images/HeadFootball_pin_1.png,Head Football,Direct Play
Can You Master Head Football?,Test your skills with Head Football! Play Head Football free in your browser. Can you solve every level and get the high score? Play free on PlayMix now. #HeadFootball #BrowserGames #ArcadeGames #FreeGames #OnlineGames,https://playmixgames.in/HeadFootball/,Free Browser Games,images/HeadFootball_pin_2.png,/Users/gauravpurohit/Documents/GP/Playmix/output/pinterest_pins/images/HeadFootball_pin_2.png,Head Football,Challenge
Relax With Head Football,Unwind and have fun with Head Football online. Play Head Football free in your browser. Perfect for a quick gaming break anytime! #HeadFootball #BrowserGames #ArcadeGames #FreeGames #OnlineGames,https://playmixgames.in/HeadFootball/,Free Browser Games,images/HeadFootball_pin_3.png,/Users/gauravpurohit/Documents/GP/Playmix/output/pinterest_pins/images/HeadFootball_pin_3.png,Head Football,Relaxation
Play Volleyball 3D Online Free,Play Volleyball 3D online free in your browser. Play Volleyball 3D free in your browser. No download or registration required! #Volleyball3D #BrowserGames #ArcadeGames #FreeGames #OnlineGames,https://playmixgames.in/VolleyballArena/,Free Browser Games,images/VolleyballArena_pin_1.png,/Users/gauravpurohit/Documents/GP/Playmix/output/pinterest_pins/images/VolleyballArena_pin_1.png,Volleyball 3D,Direct Play
Can You Master Volleyball 3D?,Test your skills with Volleyball 3D! Play Volleyball 3D free in your browser. Can you solve every level and get the high score? Play free on PlayMix now. #Volleyball3D #BrowserGames #ArcadeGames #FreeGames #OnlineGames,https://playmixgames.in/VolleyballArena/,Free Browser Games,images/VolleyballArena_pin_2.png,/Users/gauravpurohit/Documents/GP/Playmix/output/pinterest_pins/images/VolleyballArena_pin_2.png,Volleyball 3D,Challenge
Relax With Volleyball 3D,Unwind and have fun with Volleyball 3D online. Play Volleyball 3D free in your browser. Perfect for a quick gaming break anytime! #Volleyball3D #BrowserGames #ArcadeGames #FreeGames #OnlineGames,https://playmixgames.in/VolleyballArena/,Free Browser Games,images/VolleyballArena_pin_3.png,/Users/gauravpurohit/Documents/GP/Playmix/output/pinterest_pins/images/VolleyballArena_pin_3.png,Volleyball 3D,Relaxation
Play Tennis Master 3D Online Free,Play Tennis Master 3D online free in your browser. Play Tennis Master 3D free in your browser. No download or registration required! #TennisMaster3D #BrowserGames #ArcadeGames #FreeGames #OnlineGames,https://playmixgames.in/Tennis/,Free Browser Games,images/Tennis_pin_1.png,/Users/gauravpurohit/Documents/GP/Playmix/output/pinterest_pins/images/Tennis_pin_1.png,Tennis Master 3D,Direct Play
Can You Master Tennis Master 3D?,Test your skills with Tennis Master 3D! Play Tennis Master 3D free in your browser. Can you solve every level and get the high score? Play free on PlayMix now. #TennisMaster3D #BrowserGames #ArcadeGames #FreeGames #OnlineGames,https://playmixgames.in/Tennis/,Free Browser Games,images/Tennis_pin_2.png,/Users/gauravpurohit/Documents/GP/Playmix/output/pinterest_pins/images/Tennis_pin_2.png,Tennis Master 3D,Challenge
Relax With Tennis Master 3D,Unwind and have fun with Tennis Master 3D online. Play Tennis Master 3D free in your browser. Perfect for a quick gaming break anytime! #TennisMaster3D #BrowserGames #ArcadeGames #FreeGames #OnlineGames,https://playmixgames.in/Tennis/,Free Browser Games,images/Tennis_pin_3.png,/Users/gauravpurohit/Documents/GP/Playmix/output/pinterest_pins/images/Tennis_pin_3.png,Tennis Master 3D,Relaxation
Play Air Hockey 3D Online Free,Play Air Hockey 3D online free in your browser. Play Air Hockey 3D free in your browser. No download or registration required! #AirHockey3D #BrowserGames #ArcadeGames #FreeGames #OnlineGames,https://playmixgames.in/AirHockey3D/,Free Browser Games,images/AirHockey3D_pin_1.png,/Users/gauravpurohit/Documents/GP/Playmix/output/pinterest_pins/images/AirHockey3D_pin_1.png,Air Hockey 3D,Direct Play
Can You Master Air Hockey 3D?,Test your skills with Air Hockey 3D! Play Air Hockey 3D free in your browser. Can you solve every level and get the high score? Play free on PlayMix now. #AirHockey3D #BrowserGames #ArcadeGames #FreeGames #OnlineGames,https://playmixgames.in/AirHockey3D/,Free Browser Games,images/AirHockey3D_pin_2.png,/Users/gauravpurohit/Documents/GP/Playmix/output/pinterest_pins/images/AirHockey3D_pin_2.png,Air Hockey 3D,Challenge
Relax With Air Hockey 3D,Unwind and have fun with Air Hockey 3D online. Play Air Hockey 3D free in your browser. Perfect for a quick gaming break anytime! #AirHockey3D #BrowserGames #ArcadeGames #FreeGames #OnlineGames,https://playmixgames.in/AirHockey3D/,Free Browser Games,images/AirHockey3D_pin_3.png,/Users/gauravpurohit/Documents/GP/Playmix/output/pinterest_pins/images/AirHockey3D_pin_3.png,Air Hockey 3D,Relaxation
Play Bowling Strike Online Free,Play Bowling Strike online free in your browser. Play Bowling Strike free in your browser. No download or registration required! #BowlingStrike #BrowserGames #ArcadeGames #FreeGames #OnlineGames,https://playmixgames.in/Bowling/,Free Browser Games,images/Bowling_pin_1.png,/Users/gauravpurohit/Documents/GP/Playmix/output/pinterest_pins/images/Bowling_pin_1.png,Bowling Strike,Direct Play
Can You Master Bowling Strike?,Test your skills with Bowling Strike! Play Bowling Strike free in your browser. Can you solve every level and get the high score? Play free on PlayMix now. #BowlingStrike #BrowserGames #ArcadeGames #FreeGames #OnlineGames,https://playmixgames.in/Bowling/,Free Browser Games,images/Bowling_pin_2.png,/Users/gauravpurohit/Documents/GP/Playmix/output/pinterest_pins/images/Bowling_pin_2.png,Bowling Strike,Challenge
Relax With Bowling Strike,Unwind and have fun with Bowling Strike online. Play Bowling Strike free in your browser. Perfect for a quick gaming break anytime! #BowlingStrike #BrowserGames #ArcadeGames #FreeGames #OnlineGames,https://playmixgames.in/Bowling/,Free Browser Games,images/Bowling_pin_3.png,/Users/gauravpurohit/Documents/GP/Playmix/output/pinterest_pins/images/Bowling_pin_3.png,Bowling Strike,Relaxation
Play Table Tennis Online Free,Play Table Tennis online free in your browser. Play Table Tennis free in your browser. No download or registration required! #TableTennis #BrowserGames #ArcadeGames #FreeGames #OnlineGames,https://playmixgames.in/TableTennis/,Free Browser Games,images/TableTennis_pin_1.png,/Users/gauravpurohit/Documents/GP/Playmix/output/pinterest_pins/images/TableTennis_pin_1.png,Table Tennis,Direct Play
Can You Master Table Tennis?,Test your skills with Table Tennis! Play Table Tennis free in your browser. Can you solve every level and get the high score? Play free on PlayMix now. #TableTennis #BrowserGames #ArcadeGames #FreeGames #OnlineGames,https://playmixgames.in/TableTennis/,Free Browser Games,images/TableTennis_pin_2.png,/Users/gauravpurohit/Documents/GP/Playmix/output/pinterest_pins/images/TableTennis_pin_2.png,Table Tennis,Challenge
Relax With Table Tennis,Unwind and have fun with Table Tennis online. Play Table Tennis free in your browser. Perfect for a quick gaming break anytime! #TableTennis #BrowserGames #ArcadeGames #FreeGames #OnlineGames,https://playmixgames.in/TableTennis/,Free Browser Games,images/TableTennis_pin_3.png,/Users/gauravpurohit/Documents/GP/Playmix/output/pinterest_pins/images/TableTennis_pin_3.png,Table Tennis,Relaxation
Play Basketball 3D Online Free,Play Basketball 3D online free in your browser. Play Basketball 3D free in your browser. No download or registration required! #Basketball3D #BrowserGames #ArcadeGames #FreeGames #OnlineGames,https://playmixgames.in/Basketball3D/,Free Browser Games,images/Basketball3D_pin_1.png,/Users/gauravpurohit/Documents/GP/Playmix/output/pinterest_pins/images/Basketball3D_pin_1.png,Basketball 3D,Direct Play
Can You Master Basketball 3D?,Test your skills with Basketball 3D! Play Basketball 3D free in your browser. Can you solve every level and get the high score? Play free on PlayMix now. #Basketball3D #BrowserGames #ArcadeGames #FreeGames #OnlineGames,https://playmixgames.in/Basketball3D/,Free Browser Games,images/Basketball3D_pin_2.png,/Users/gauravpurohit/Documents/GP/Playmix/output/pinterest_pins/images/Basketball3D_pin_2.png,Basketball 3D,Challenge
Relax With Basketball 3D,Unwind and have fun with Basketball 3D online. Play Basketball 3D free in your browser. Perfect for a quick gaming break anytime! #Basketball3D #BrowserGames #ArcadeGames #FreeGames #OnlineGames,https://playmixgames.in/Basketball3D/,Free Browser Games,images/Basketball3D_pin_3.png,/Users/gauravpurohit/Documents/GP/Playmix/output/pinterest_pins/images/Basketball3D_pin_3.png,Basketball 3D,Relaxation
Play Football 3D Online Free,Play Football 3D online free in your browser. Play Football 3D free in your browser. No download or registration required! #Football3D #BrowserGames #ArcadeGames #FreeGames #OnlineGames,https://playmixgames.in/Football3D/,Free Browser Games,images/Football3D_pin_1.png,/Users/gauravpurohit/Documents/GP/Playmix/output/pinterest_pins/images/Football3D_pin_1.png,Football 3D,Direct Play
Can You Master Football 3D?,Test your skills with Football 3D! Play Football 3D free in your browser. Can you solve every level and get the high score? Play free on PlayMix now. #Football3D #BrowserGames #ArcadeGames #FreeGames #OnlineGames,https://playmixgames.in/Football3D/,Free Browser Games,images/Football3D_pin_2.png,/Users/gauravpurohit/Documents/GP/Playmix/output/pinterest_pins/images/Football3D_pin_2.png,Football 3D,Challenge
Relax With Football 3D,Unwind and have fun with Football 3D online. Play Football 3D free in your browser. Perfect for a quick gaming break anytime! #Football3D #BrowserGames #ArcadeGames #FreeGames #OnlineGames,https://playmixgames.in/Football3D/,Free Browser Games,images/Football3D_pin_3.png,/Users/gauravpurohit/Documents/GP/Playmix/output/pinterest_pins/images/Football3D_pin_3.png,Football 3D,Relaxation
Play Pocket Golf Online Free,Play Pocket Golf online free in your browser. Play Pocket Golf free in your browser. No download or registration required! #PocketGolf #BrowserGames #ArcadeGames #FreeGames #OnlineGames,https://playmixgames.in/PocketGolf/,Free Browser Games,images/PocketGolf_pin_1.png,/Users/gauravpurohit/Documents/GP/Playmix/output/pinterest_pins/images/PocketGolf_pin_1.png,Pocket Golf,Direct Play
Can You Master Pocket Golf?,Test your skills with Pocket Golf! Play Pocket Golf free in your browser. Can you solve every level and get the high score? Play free on PlayMix now. #PocketGolf #BrowserGames #ArcadeGames #FreeGames #OnlineGames,https://playmixgames.in/PocketGolf/,Free Browser Games,images/PocketGolf_pin_2.png,/Users/gauravpurohit/Documents/GP/Playmix/output/pinterest_pins/images/PocketGolf_pin_2.png,Pocket Golf,Challenge
Relax With Pocket Golf,Unwind and have fun with Pocket Golf online. Play Pocket Golf free in your browser. Perfect for a quick gaming break anytime! #PocketGolf #BrowserGames #ArcadeGames #FreeGames #OnlineGames,https://playmixgames.in/PocketGolf/,Free Browser Games,images/PocketGolf_pin_3.png,/Users/gauravpurohit/Documents/GP/Playmix/output/pinterest_pins/images/PocketGolf_pin_3.png,Pocket Golf,Relaxation
Play Bottle Shoot Online Free,Play Bottle Shoot online free in your browser. Play Bottle Shoot free in your browser. No download or registration required! #BottleShoot #BrowserGames #ArcadeGames #FreeGames #OnlineGames,https://playmixgames.in/BottleShoot3D/,Free Browser Games,images/BottleShoot3D_pin_1.png,/Users/gauravpurohit/Documents/GP/Playmix/output/pinterest_pins/images/BottleShoot3D_pin_1.png,Bottle Shoot,Direct Play
Can You Master Bottle Shoot?,Test your skills with Bottle Shoot! Play Bottle Shoot free in your browser. Can you solve every level and get the high score? Play free on PlayMix now. #BottleShoot #BrowserGames #ArcadeGames #FreeGames #OnlineGames,https://playmixgames.in/BottleShoot3D/,Free Browser Games,images/BottleShoot3D_pin_2.png,/Users/gauravpurohit/Documents/GP/Playmix/output/pinterest_pins/images/BottleShoot3D_pin_2.png,Bottle Shoot,Challenge
Relax With Bottle Shoot,Unwind and have fun with Bottle Shoot online. Play Bottle Shoot free in your browser. Perfect for a quick gaming break anytime! #BottleShoot #BrowserGames #ArcadeGames #FreeGames #OnlineGames,https://playmixgames.in/BottleShoot3D/,Free Browser Games,images/BottleShoot3D_pin_3.png,/Users/gauravpurohit/Documents/GP/Playmix/output/pinterest_pins/images/BottleShoot3D_pin_3.png,Bottle Shoot,Relaxation
Play Archery Master Online Free,Play Archery Master online free in your browser. Play Archery Master free in your browser. No download or registration required! #ArcheryMaster #BrowserGames #ArcadeGames #FreeGames #OnlineGames,https://playmixgames.in/ArcheryMaster/,Free Browser Games,images/ArcheryMaster_pin_1.png,/Users/gauravpurohit/Documents/GP/Playmix/output/pinterest_pins/images/ArcheryMaster_pin_1.png,Archery Master,Direct Play
Can You Master Archery Master?,Test your skills with Archery Master! Play Archery Master free in your browser. Can you solve every level and get the high score? Play free on PlayMix now. #ArcheryMaster #BrowserGames #ArcadeGames #FreeGames #OnlineGames,https://playmixgames.in/ArcheryMaster/,Free Browser Games,images/ArcheryMaster_pin_2.png,/Users/gauravpurohit/Documents/GP/Playmix/output/pinterest_pins/images/ArcheryMaster_pin_2.png,Archery Master,Challenge
Relax With Archery Master,Unwind and have fun with Archery Master online. Play Archery Master free in your browser. Perfect for a quick gaming break anytime! #ArcheryMaster #BrowserGames #ArcadeGames #FreeGames #OnlineGames,https://playmixgames.in/ArcheryMaster/,Free Browser Games,images/ArcheryMaster_pin_3.png,/Users/gauravpurohit/Documents/GP/Playmix/output/pinterest_pins/images/ArcheryMaster_pin_3.png,Archery Master,Relaxation
Play Car Racer 3D Online Free,Play Car Racer 3D online free in your browser. Play Car Racer 3D free in your browser. No download or registration required! #CarRacer3D #BrowserGames #ArcadeGames #FreeGames #OnlineGames,https://playmixgames.in/RetroRacer/,Free Browser Games,images/RetroRacer_pin_1.png,/Users/gauravpurohit/Documents/GP/Playmix/output/pinterest_pins/images/RetroRacer_pin_1.png,Car Racer 3D,Direct Play
Can You Master Car Racer 3D?,Test your skills with Car Racer 3D! Play Car Racer 3D free in your browser. Can you solve every level and get the high score? Play free on PlayMix now. #CarRacer3D #BrowserGames #ArcadeGames #FreeGames #OnlineGames,https://playmixgames.in/RetroRacer/,Free Browser Games,images/RetroRacer_pin_2.png,/Users/gauravpurohit/Documents/GP/Playmix/output/pinterest_pins/images/RetroRacer_pin_2.png,Car Racer 3D,Challenge
Relax With Car Racer 3D,Unwind and have fun with Car Racer 3D online. Play Car Racer 3D free in your browser. Perfect for a quick gaming break anytime! #CarRacer3D #BrowserGames #ArcadeGames #FreeGames #OnlineGames,https://playmixgames.in/RetroRacer/,Free Browser Games,images/RetroRacer_pin_3.png,/Users/gauravpurohit/Documents/GP/Playmix/output/pinterest_pins/images/RetroRacer_pin_3.png,Car Racer 3D,Relaxation
Play Crossmath Online Free,Play Crossmath online free in your browser. Play Crossmath free in your browser. No download or registration required! #Crossmath #BrainGames #MathGames #Sudoku #LogicPuzzles,https://playmixgames.in/Crossmath/,Brain Games,images/Crossmath_pin_1.png,/Users/gauravpurohit/Documents/GP/Playmix/output/pinterest_pins/images/Crossmath_pin_1.png,Crossmath,Direct Play
Can You Master Crossmath?,Test your skills with Crossmath! Play Crossmath free in your browser. Can you solve every level and get the high score? Play free on PlayMix now. #Crossmath #BrainGames #MathGames #Sudoku #LogicPuzzles,https://playmixgames.in/Crossmath/,Brain Games,images/Crossmath_pin_2.png,/Users/gauravpurohit/Documents/GP/Playmix/output/pinterest_pins/images/Crossmath_pin_2.png,Crossmath,Challenge
Relax With Crossmath,Unwind and have fun with Crossmath online. Play Crossmath free in your browser. Perfect for a quick gaming break anytime! #Crossmath #BrainGames #MathGames #Sudoku #LogicPuzzles,https://playmixgames.in/Crossmath/,Brain Games,images/Crossmath_pin_3.png,/Users/gauravpurohit/Documents/GP/Playmix/output/pinterest_pins/images/Crossmath_pin_3.png,Crossmath,Relaxation
Play Hidden Word Online Free,Play Hidden Word online free in your browser. Play Hidden Word free in your browser. No download or registration required! #HiddenWord #HiddenObjectGames #WordGames #BrowserGames #OnlineGames,https://playmixgames.in/HiddenWord/,Hidden Object Games,images/HiddenWord_pin_1.png,/Users/gauravpurohit/Documents/GP/Playmix/output/pinterest_pins/images/HiddenWord_pin_1.png,Hidden Word,Direct Play
Can You Master Hidden Word?,Test your skills with Hidden Word! Play Hidden Word free in your browser. Can you solve every level and get the high score? Play free on PlayMix now. #HiddenWord #HiddenObjectGames #WordGames #BrowserGames #OnlineGames,https://playmixgames.in/HiddenWord/,Hidden Object Games,images/HiddenWord_pin_2.png,/Users/gauravpurohit/Documents/GP/Playmix/output/pinterest_pins/images/HiddenWord_pin_2.png,Hidden Word,Challenge
Relax With Hidden Word,Unwind and have fun with Hidden Word online. Play Hidden Word free in your browser. Perfect for a quick gaming break anytime! #HiddenWord #HiddenObjectGames #WordGames #BrowserGames #OnlineGames,https://playmixgames.in/HiddenWord/,Hidden Object Games,images/HiddenWord_pin_3.png,/Users/gauravpurohit/Documents/GP/Playmix/output/pinterest_pins/images/HiddenWord_pin_3.png,Hidden Word,Relaxation
Play Dot Connect Online Free,Play Dot Connect online free in your browser. Play Dot Connect free in your browser. No download or registration required! #DotConnect #PuzzleGames #BrowserGames #OnlineGames #PlayMix,https://playmixgames.in/DotConnect/,Puzzle Games,images/DotConnect_pin_1.png,/Users/gauravpurohit/Documents/GP/Playmix/output/pinterest_pins/images/DotConnect_pin_1.png,Dot Connect,Direct Play
Can You Master Dot Connect?,Test your skills with Dot Connect! Play Dot Connect free in your browser. Can you solve every level and get the high score? Play free on PlayMix now. #DotConnect #PuzzleGames #BrowserGames #OnlineGames #PlayMix,https://playmixgames.in/DotConnect/,Puzzle Games,images/DotConnect_pin_2.png,/Users/gauravpurohit/Documents/GP/Playmix/output/pinterest_pins/images/DotConnect_pin_2.png,Dot Connect,Challenge
Relax With Dot Connect,Unwind and have fun with Dot Connect online. Play Dot Connect free in your browser. Perfect for a quick gaming break anytime! #DotConnect #PuzzleGames #BrowserGames #OnlineGames #PlayMix,https://playmixgames.in/DotConnect/,Puzzle Games,images/DotConnect_pin_3.png,/Users/gauravpurohit/Documents/GP/Playmix/output/pinterest_pins/images/DotConnect_pin_3.png,Dot Connect,Relaxation
Play Merge Numbers Online Free,Play Merge Numbers online free in your browser. Play Merge Numbers free in your browser. No download or registration required! #MergeNumbers #PuzzleGames #BrowserGames #OnlineGames #PlayMix,https://playmixgames.in/MergeNumbers/,Puzzle Games,images/MergeNumbers_pin_1.png,/Users/gauravpurohit/Documents/GP/Playmix/output/pinterest_pins/images/MergeNumbers_pin_1.png,Merge Numbers,Direct Play
Can You Master Merge Numbers?,Test your skills with Merge Numbers! Play Merge Numbers free in your browser. Can you solve every level and get the high score? Play free on PlayMix now. #MergeNumbers #PuzzleGames #BrowserGames #OnlineGames #PlayMix,https://playmixgames.in/MergeNumbers/,Puzzle Games,images/MergeNumbers_pin_2.png,/Users/gauravpurohit/Documents/GP/Playmix/output/pinterest_pins/images/MergeNumbers_pin_2.png,Merge Numbers,Challenge
Relax With Merge Numbers,Unwind and have fun with Merge Numbers online. Play Merge Numbers free in your browser. Perfect for a quick gaming break anytime! #MergeNumbers #PuzzleGames #BrowserGames #OnlineGames #PlayMix,https://playmixgames.in/MergeNumbers/,Puzzle Games,images/MergeNumbers_pin_3.png,/Users/gauravpurohit/Documents/GP/Playmix/output/pinterest_pins/images/MergeNumbers_pin_3.png,Merge Numbers,Relaxation
Play Block Puzzle Online Free,Play Block Puzzle online free in your browser. Play Block Puzzle free in your browser. No download or registration required! #BlockPuzzle #PuzzleGames #BrowserGames #OnlineGames #PlayMix,https://playmixgames.in/BlockPuzzle/,Puzzle Games,images/BlockPuzzle_pin_1.png,/Users/gauravpurohit/Documents/GP/Playmix/output/pinterest_pins/images/BlockPuzzle_pin_1.png,Block Puzzle,Direct Play
Can You Master Block Puzzle?,Test your skills with Block Puzzle! Play Block Puzzle free in your browser. Can you solve every level and get the high score? Play free on PlayMix now. #BlockPuzzle #PuzzleGames #BrowserGames #OnlineGames #PlayMix,https://playmixgames.in/BlockPuzzle/,Puzzle Games,images/BlockPuzzle_pin_2.png,/Users/gauravpurohit/Documents/GP/Playmix/output/pinterest_pins/images/BlockPuzzle_pin_2.png,Block Puzzle,Challenge
Relax With Block Puzzle,Unwind and have fun with Block Puzzle online. Play Block Puzzle free in your browser. Perfect for a quick gaming break anytime! #BlockPuzzle #PuzzleGames #BrowserGames #OnlineGames #PlayMix,https://playmixgames.in/BlockPuzzle/,Puzzle Games,images/BlockPuzzle_pin_3.png,/Users/gauravpurohit/Documents/GP/Playmix/output/pinterest_pins/images/BlockPuzzle_pin_3.png,Block Puzzle,Relaxation
Play Numpuz Online Free,Play Numpuz online free in your browser. Play Numpuz free in your browser. No download or registration required! #Numpuz #BrainGames #MathGames #Sudoku #LogicPuzzles,https://playmixgames.in/Numpuz/,Brain Games,images/Numpuz_pin_1.png,/Users/gauravpurohit/Documents/GP/Playmix/output/pinterest_pins/images/Numpuz_pin_1.png,Numpuz,Direct Play
Can You Master Numpuz?,Test your skills with Numpuz! Play Numpuz free in your browser. Can you solve every level and get the high score? Play free on PlayMix now. #Numpuz #BrainGames #MathGames #Sudoku #LogicPuzzles,https://playmixgames.in/Numpuz/,Brain Games,images/Numpuz_pin_2.png,/Users/gauravpurohit/Documents/GP/Playmix/output/pinterest_pins/images/Numpuz_pin_2.png,Numpuz,Challenge
Relax With Numpuz,Unwind and have fun with Numpuz online. Play Numpuz free in your browser. Perfect for a quick gaming break anytime! #Numpuz #BrainGames #MathGames #Sudoku #LogicPuzzles,https://playmixgames.in/Numpuz/,Brain Games,images/Numpuz_pin_3.png,/Users/gauravpurohit/Documents/GP/Playmix/output/pinterest_pins/images/Numpuz_pin_3.png,Numpuz,Relaxation
Play NumMatch Online Free,Play NumMatch online free in your browser. Play NumMatch free in your browser. No download or registration required! #NumMatch #PuzzleGames #BrowserGames #OnlineGames #PlayMix,https://playmixgames.in/NumMatch/,Puzzle Games,images/NumMatch_pin_1.png,/Users/gauravpurohit/Documents/GP/Playmix/output/pinterest_pins/images/NumMatch_pin_1.png,NumMatch,Direct Play
Can You Master NumMatch?,Test your skills with NumMatch! Play NumMatch free in your browser. Can you solve every level and get the high score? Play free on PlayMix now. #NumMatch #PuzzleGames #BrowserGames #OnlineGames #PlayMix,https://playmixgames.in/NumMatch/,Puzzle Games,images/NumMatch_pin_2.png,/Users/gauravpurohit/Documents/GP/Playmix/output/pinterest_pins/images/NumMatch_pin_2.png,NumMatch,Challenge
Relax With NumMatch,Unwind and have fun with NumMatch online. Play NumMatch free in your browser. Perfect for a quick gaming break anytime! #NumMatch #PuzzleGames #BrowserGames #OnlineGames #PlayMix,https://playmixgames.in/NumMatch/,Puzzle Games,images/NumMatch_pin_3.png,/Users/gauravpurohit/Documents/GP/Playmix/output/pinterest_pins/images/NumMatch_pin_3.png,NumMatch,Relaxation
Play Sudoku Daily Online Free,Play Sudoku Daily online free in your browser. Play Sudoku Daily free in your browser. No download or registration required! #SudokuDaily #BrainGames #MathGames #Sudoku #LogicPuzzles,https://playmixgames.in/Sudoku/,Brain Games,images/Sudoku_pin_1.png,/Users/gauravpurohit/Documents/GP/Playmix/output/pinterest_pins/images/Sudoku_pin_1.png,Sudoku Daily,Direct Play
Can You Master Sudoku Daily?,Test your skills with Sudoku Daily! Play Sudoku Daily free in your browser. Can you solve every level and get the high score? Play free on PlayMix now. #SudokuDaily #BrainGames #MathGames #Sudoku #LogicPuzzles,https://playmixgames.in/Sudoku/,Brain Games,images/Sudoku_pin_2.png,/Users/gauravpurohit/Documents/GP/Playmix/output/pinterest_pins/images/Sudoku_pin_2.png,Sudoku Daily,Challenge
Relax With Sudoku Daily,Unwind and have fun with Sudoku Daily online. Play Sudoku Daily free in your browser. Perfect for a quick gaming break anytime! #SudokuDaily #BrainGames #MathGames #Sudoku #LogicPuzzles,https://playmixgames.in/Sudoku/,Brain Games,images/Sudoku_pin_3.png,/Users/gauravpurohit/Documents/GP/Playmix/output/pinterest_pins/images/Sudoku_pin_3.png,Sudoku Daily,Relaxation
Play Word Search Online Free,Play Word Search online free in your browser. Play Word Search free in your browser. No download or registration required! #WordSearch #HiddenObjectGames #WordGames #BrowserGames #OnlineGames,https://playmixgames.in/WordSearch/,Hidden Object Games,images/WordSearch_pin_1.png,/Users/gauravpurohit/Documents/GP/Playmix/output/pinterest_pins/images/WordSearch_pin_1.png,Word Search,Direct Play
Can You Master Word Search?,Test your skills with Word Search! Play Word Search free in your browser. Can you solve every level and get the high score? Play free on PlayMix now. #WordSearch #HiddenObjectGames #WordGames #BrowserGames #OnlineGames,https://playmixgames.in/WordSearch/,Hidden Object Games,images/WordSearch_pin_2.png,/Users/gauravpurohit/Documents/GP/Playmix/output/pinterest_pins/images/WordSearch_pin_2.png,Word Search,Challenge
Relax With Word Search,Unwind and have fun with Word Search online. Play Word Search free in your browser. Perfect for a quick gaming break anytime! #WordSearch #HiddenObjectGames #WordGames #BrowserGames #OnlineGames,https://playmixgames.in/WordSearch/,Hidden Object Games,images/WordSearch_pin_3.png,/Users/gauravpurohit/Documents/GP/Playmix/output/pinterest_pins/images/WordSearch_pin_3.png,Word Search,Relaxation
Play Hidden Objects Online Free,Play Hidden Objects online free in your browser. Play Hidden Objects free in your browser. No download or registration required! #HiddenObjects #PuzzleGames #BrowserGames #OnlineGames #PlayMix,https://playmixgames.in/HiddenObjects/,Puzzle Games,images/HiddenObjects_pin_1.png,/Users/gauravpurohit/Documents/GP/Playmix/output/pinterest_pins/images/HiddenObjects_pin_1.png,Hidden Objects,Direct Play
Can You Master Hidden Objects?,Test your skills with Hidden Objects! Play Hidden Objects free in your browser. Can you solve every level and get the high score? Play free on PlayMix now. #HiddenObjects #PuzzleGames #BrowserGames #OnlineGames #PlayMix,https://playmixgames.in/HiddenObjects/,Puzzle Games,images/HiddenObjects_pin_2.png,/Users/gauravpurohit/Documents/GP/Playmix/output/pinterest_pins/images/HiddenObjects_pin_2.png,Hidden Objects,Challenge
Relax With Hidden Objects,Unwind and have fun with Hidden Objects online. Play Hidden Objects free in your browser. Perfect for a quick gaming break anytime! #HiddenObjects #PuzzleGames #BrowserGames #OnlineGames #PlayMix,https://playmixgames.in/HiddenObjects/,Puzzle Games,images/HiddenObjects_pin_3.png,/Users/gauravpurohit/Documents/GP/Playmix/output/pinterest_pins/images/HiddenObjects_pin_3.png,Hidden Objects,Relaxation
Play Tic Tac Toe Online Free,Play Tic Tac Toe online free in your browser. Play Tic Tac Toe free in your browser. No download or registration required! #TicTacToe #FamilyGames #BoardGames #ClassicGames #Ludo,https://playmixgames.in/TicTacToe/,Family Games,images/TicTacToe_pin_1.png,/Users/gauravpurohit/Documents/GP/Playmix/output/pinterest_pins/images/TicTacToe_pin_1.png,Tic Tac Toe,Direct Play
Can You Master Tic Tac Toe?,Test your skills with Tic Tac Toe! Play Tic Tac Toe free in your browser. Can you solve every level and get the high score? Play free on PlayMix now. #TicTacToe #FamilyGames #BoardGames #ClassicGames #Ludo,https://playmixgames.in/TicTacToe/,Family Games,images/TicTacToe_pin_2.png,/Users/gauravpurohit/Documents/GP/Playmix/output/pinterest_pins/images/TicTacToe_pin_2.png,Tic Tac Toe,Challenge
Relax With Tic Tac Toe,Unwind and have fun with Tic Tac Toe online. Play Tic Tac Toe free in your browser. Perfect for a quick gaming break anytime! #TicTacToe #FamilyGames #BoardGames #ClassicGames #Ludo,https://playmixgames.in/TicTacToe/,Family Games,images/TicTacToe_pin_3.png,/Users/gauravpurohit/Documents/GP/Playmix/output/pinterest_pins/images/TicTacToe_pin_3.png,Tic Tac Toe,Relaxation
Play Minesweeper Online Free,Play Minesweeper online free in your browser. Play Minesweeper free in your browser. No download or registration required! #Minesweeper #PuzzleGames #BrowserGames #OnlineGames #PlayMix,https://playmixgames.in/Minesweeper/,Puzzle Games,images/Minesweeper_pin_1.png,/Users/gauravpurohit/Documents/GP/Playmix/output/pinterest_pins/images/Minesweeper_pin_1.png,Minesweeper,Direct Play
Can You Master Minesweeper?,Test your skills with Minesweeper! Play Minesweeper free in your browser. Can you solve every level and get the high score? Play free on PlayMix now. #Minesweeper #PuzzleGames #BrowserGames #OnlineGames #PlayMix,https://playmixgames.in/Minesweeper/,Puzzle Games,images/Minesweeper_pin_2.png,/Users/gauravpurohit/Documents/GP/Playmix/output/pinterest_pins/images/Minesweeper_pin_2.png,Minesweeper,Challenge
Relax With Minesweeper,Unwind and have fun with Minesweeper online. Play Minesweeper free in your browser. Perfect for a quick gaming break anytime! #Minesweeper #PuzzleGames #BrowserGames #OnlineGames #PlayMix,https://playmixgames.in/Minesweeper/,Puzzle Games,images/Minesweeper_pin_3.png,/Users/gauravpurohit/Documents/GP/Playmix/output/pinterest_pins/images/Minesweeper_pin_3.png,Minesweeper,Relaxation
Play Solitaire Online Free,Play Solitaire online free in your browser. Play Solitaire free in your browser. No download or registration required! #Solitaire #RelaxingGames #CasualGames #AntiStress #BrowserGames,https://playmixgames.in/Solitaire/,Relaxing Games,images/Solitaire_pin_1.png,/Users/gauravpurohit/Documents/GP/Playmix/output/pinterest_pins/images/Solitaire_pin_1.png,Solitaire,Direct Play
Can You Master Solitaire?,Test your skills with Solitaire! Play Solitaire free in your browser. Can you solve every level and get the high score? Play free on PlayMix now. #Solitaire #RelaxingGames #CasualGames #AntiStress #BrowserGames,https://playmixgames.in/Solitaire/,Relaxing Games,images/Solitaire_pin_2.png,/Users/gauravpurohit/Documents/GP/Playmix/output/pinterest_pins/images/Solitaire_pin_2.png,Solitaire,Challenge
Relax With Solitaire,Unwind and have fun with Solitaire online. Play Solitaire free in your browser. Perfect for a quick gaming break anytime! #Solitaire #RelaxingGames #CasualGames #AntiStress #BrowserGames,https://playmixgames.in/Solitaire/,Relaxing Games,images/Solitaire_pin_3.png,/Users/gauravpurohit/Documents/GP/Playmix/output/pinterest_pins/images/Solitaire_pin_3.png,Solitaire,Relaxation
Play Water Sort Online Free,Play Water Sort online free in your browser. Play Water Sort free in your browser. No download or registration required! #WaterSort #PuzzleGames #BrowserGames #OnlineGames #PlayMix,https://playmixgames.in/WaterSort3D/,Puzzle Games,images/WaterSort3D_pin_1.png,/Users/gauravpurohit/Documents/GP/Playmix/output/pinterest_pins/images/WaterSort3D_pin_1.png,Water Sort,Direct Play
Can You Master Water Sort?,Test your skills with Water Sort! Play Water Sort free in your browser. Can you solve every level and get the high score? Play free on PlayMix now. #WaterSort #PuzzleGames #BrowserGames #OnlineGames #PlayMix,https://playmixgames.in/WaterSort3D/,Puzzle Games,images/WaterSort3D_pin_2.png,/Users/gauravpurohit/Documents/GP/Playmix/output/pinterest_pins/images/WaterSort3D_pin_2.png,Water Sort,Challenge
Relax With Water Sort,Unwind and have fun with Water Sort online. Play Water Sort free in your browser. Perfect for a quick gaming break anytime! #WaterSort #PuzzleGames #BrowserGames #OnlineGames #PlayMix,https://playmixgames.in/WaterSort3D/,Puzzle Games,images/WaterSort3D_pin_3.png,/Users/gauravpurohit/Documents/GP/Playmix/output/pinterest_pins/images/WaterSort3D_pin_3.png,Water Sort,Relaxation
Play Fruit Splash Online Free,Play Fruit Splash online free in your browser. Play Fruit Splash free in your browser. No download or registration required! #FruitSplash #PuzzleGames #BrowserGames #OnlineGames #PlayMix,https://playmixgames.in/FruitSplash/,Puzzle Games,images/FruitSplash_pin_1.png,/Users/gauravpurohit/Documents/GP/Playmix/output/pinterest_pins/images/FruitSplash_pin_1.png,Fruit Splash,Direct Play
Can You Master Fruit Splash?,Test your skills with Fruit Splash! Play Fruit Splash free in your browser. Can you solve every level and get the high score? Play free on PlayMix now. #FruitSplash #PuzzleGames #BrowserGames #OnlineGames #PlayMix,https://playmixgames.in/FruitSplash/,Puzzle Games,images/FruitSplash_pin_2.png,/Users/gauravpurohit/Documents/GP/Playmix/output/pinterest_pins/images/FruitSplash_pin_2.png,Fruit Splash,Challenge
Relax With Fruit Splash,Unwind and have fun with Fruit Splash online. Play Fruit Splash free in your browser. Perfect for a quick gaming break anytime! #FruitSplash #PuzzleGames #BrowserGames #OnlineGames #PlayMix,https://playmixgames.in/FruitSplash/,Puzzle Games,images/FruitSplash_pin_3.png,/Users/gauravpurohit/Documents/GP/Playmix/output/pinterest_pins/images/FruitSplash_pin_3.png,Fruit Splash,Relaxation
Play Color Match Online Free,Play Color Match online free in your browser. Play Color Match free in your browser. No download or registration required! #ColorMatch #PuzzleGames #BrowserGames #OnlineGames #PlayMix,https://playmixgames.in/ColorMatch/,Puzzle Games,images/ColorMatch_pin_1.png,/Users/gauravpurohit/Documents/GP/Playmix/output/pinterest_pins/images/ColorMatch_pin_1.png,Color Match,Direct Play
Can You Master Color Match?,Test your skills with Color Match! Play Color Match free in your browser. Can you solve every level and get the high score? Play free on PlayMix now. #ColorMatch #PuzzleGames #BrowserGames #OnlineGames #PlayMix,https://playmixgames.in/ColorMatch/,Puzzle Games,images/ColorMatch_pin_2.png,/Users/gauravpurohit/Documents/GP/Playmix/output/pinterest_pins/images/ColorMatch_pin_2.png,Color Match,Challenge
Relax With Color Match,Unwind and have fun with Color Match online. Play Color Match free in your browser. Perfect for a quick gaming break anytime! #ColorMatch #PuzzleGames #BrowserGames #OnlineGames #PlayMix,https://playmixgames.in/ColorMatch/,Puzzle Games,images/ColorMatch_pin_3.png,/Users/gauravpurohit/Documents/GP/Playmix/output/pinterest_pins/images/ColorMatch_pin_3.png,Color Match,Relaxation
Play Helix Bounce Online Free,Play Helix Bounce online free in your browser. Play Helix Bounce free in your browser. No download or registration required! #HelixBounce #BrowserGames #ArcadeGames #FreeGames #OnlineGames,https://playmixgames.in/HelixBounce/,Free Browser Games,images/HelixBounce_pin_1.png,/Users/gauravpurohit/Documents/GP/Playmix/output/pinterest_pins/images/HelixBounce_pin_1.png,Helix Bounce,Direct Play
Can You Master Helix Bounce?,Test your skills with Helix Bounce! Play Helix Bounce free in your browser. Can you solve every level and get the high score? Play free on PlayMix now. #HelixBounce #BrowserGames #ArcadeGames #FreeGames #OnlineGames,https://playmixgames.in/HelixBounce/,Free Browser Games,images/HelixBounce_pin_2.png,/Users/gauravpurohit/Documents/GP/Playmix/output/pinterest_pins/images/HelixBounce_pin_2.png,Helix Bounce,Challenge
Relax With Helix Bounce,Unwind and have fun with Helix Bounce online. Play Helix Bounce free in your browser. Perfect for a quick gaming break anytime! #HelixBounce #BrowserGames #ArcadeGames #FreeGames #OnlineGames,https://playmixgames.in/HelixBounce/,Free Browser Games,images/HelixBounce_pin_3.png,/Users/gauravpurohit/Documents/GP/Playmix/output/pinterest_pins/images/HelixBounce_pin_3.png,Helix Bounce,Relaxation
Play Stack 3D Online Free,Play Stack 3D online free in your browser. Play Stack 3D free in your browser. No download or registration required! #Stack3D #BrowserGames #ArcadeGames #FreeGames #OnlineGames,https://playmixgames.in/Stack3D/,Free Browser Games,images/Stack3D_pin_1.png,/Users/gauravpurohit/Documents/GP/Playmix/output/pinterest_pins/images/Stack3D_pin_1.png,Stack 3D,Direct Play
Can You Master Stack 3D?,Test your skills with Stack 3D! Play Stack 3D free in your browser. Can you solve every level and get the high score? Play free on PlayMix now. #Stack3D #BrowserGames #ArcadeGames #FreeGames #OnlineGames,https://playmixgames.in/Stack3D/,Free Browser Games,images/Stack3D_pin_2.png,/Users/gauravpurohit/Documents/GP/Playmix/output/pinterest_pins/images/Stack3D_pin_2.png,Stack 3D,Challenge
Relax With Stack 3D,Unwind and have fun with Stack 3D online. Play Stack 3D free in your browser. Perfect for a quick gaming break anytime! #Stack3D #BrowserGames #ArcadeGames #FreeGames #OnlineGames,https://playmixgames.in/Stack3D/,Free Browser Games,images/Stack3D_pin_3.png,/Users/gauravpurohit/Documents/GP/Playmix/output/pinterest_pins/images/Stack3D_pin_3.png,Stack 3D,Relaxation
Play All in Hole Online Free,Play All in Hole online free in your browser. Play All in Hole free in your browser. No download or registration required! #AllinHole #PuzzleGames #BrowserGames #OnlineGames #PlayMix,https://playmixgames.in/AllInHole/,Puzzle Games,images/AllInHole_pin_1.png,/Users/gauravpurohit/Documents/GP/Playmix/output/pinterest_pins/images/AllInHole_pin_1.png,All in Hole,Direct Play
Can You Master All in Hole?,Test your skills with All in Hole! Play All in Hole free in your browser. Can you solve every level and get the high score? Play free on PlayMix now. #AllinHole #PuzzleGames #BrowserGames #OnlineGames #PlayMix,https://playmixgames.in/AllInHole/,Puzzle Games,images/AllInHole_pin_2.png,/Users/gauravpurohit/Documents/GP/Playmix/output/pinterest_pins/images/AllInHole_pin_2.png,All in Hole,Challenge
Relax With All in Hole,Unwind and have fun with All in Hole online. Play All in Hole free in your browser. Perfect for a quick gaming break anytime! #AllinHole #PuzzleGames #BrowserGames #OnlineGames #PlayMix,https://playmixgames.in/AllInHole/,Puzzle Games,images/AllInHole_pin_3.png,/Users/gauravpurohit/Documents/GP/Playmix/output/pinterest_pins/images/AllInHole_pin_3.png,All in Hole,Relaxation
Play Zen Bounce Online Free,Play Zen Bounce online free in your browser. Play Zen Bounce free in your browser. No download or registration required! #ZenBounce #PuzzleGames #BrowserGames #OnlineGames #PlayMix,https://playmixgames.in/ZenBounce/,Puzzle Games,images/ZenBounce_pin_1.png,/Users/gauravpurohit/Documents/GP/Playmix/output/pinterest_pins/images/ZenBounce_pin_1.png,Zen Bounce,Direct Play
Can You Master Zen Bounce?,Test your skills with Zen Bounce! Play Zen Bounce free in your browser. Can you solve every level and get the high score? Play free on PlayMix now. #ZenBounce #PuzzleGames #BrowserGames #OnlineGames #PlayMix,https://playmixgames.in/ZenBounce/,Puzzle Games,images/ZenBounce_pin_2.png,/Users/gauravpurohit/Documents/GP/Playmix/output/pinterest_pins/images/ZenBounce_pin_2.png,Zen Bounce,Challenge
Relax With Zen Bounce,Unwind and have fun with Zen Bounce online. Play Zen Bounce free in your browser. Perfect for a quick gaming break anytime! #ZenBounce #PuzzleGames #BrowserGames #OnlineGames #PlayMix,https://playmixgames.in/ZenBounce/,Puzzle Games,images/ZenBounce_pin_3.png,/Users/gauravpurohit/Documents/GP/Playmix/output/pinterest_pins/images/ZenBounce_pin_3.png,Zen Bounce,Relaxation
Play Jigsaw Puzzle Online Free,Play Jigsaw Puzzle online free in your browser. Play Jigsaw Puzzle free in your browser. No download or registration required! #JigsawPuzzle #PuzzleGames #BrowserGames #OnlineGames #PlayMix,https://playmixgames.in/JigsawPuzzle/,Puzzle Games,images/JigsawPuzzle_pin_1.png,/Users/gauravpurohit/Documents/GP/Playmix/output/pinterest_pins/images/JigsawPuzzle_pin_1.png,Jigsaw Puzzle,Direct Play
Can You Master Jigsaw Puzzle?,Test your skills with Jigsaw Puzzle! Play Jigsaw Puzzle free in your browser. Can you solve every level and get the high score? Play free on PlayMix now. #JigsawPuzzle #PuzzleGames #BrowserGames #OnlineGames #PlayMix,https://playmixgames.in/JigsawPuzzle/,Puzzle Games,images/JigsawPuzzle_pin_2.png,/Users/gauravpurohit/Documents/GP/Playmix/output/pinterest_pins/images/JigsawPuzzle_pin_2.png,Jigsaw Puzzle,Challenge
Relax With Jigsaw Puzzle,Unwind and have fun with Jigsaw Puzzle online. Play Jigsaw Puzzle free in your browser. Perfect for a quick gaming break anytime! #JigsawPuzzle #PuzzleGames #BrowserGames #OnlineGames #PlayMix,https://playmixgames.in/JigsawPuzzle/,Puzzle Games,images/JigsawPuzzle_pin_3.png,/Users/gauravpurohit/Documents/GP/Playmix/output/pinterest_pins/images/JigsawPuzzle_pin_3.png,Jigsaw Puzzle,Relaxation
Play Chess Master Online Free,Play Chess Master online free in your browser. Play Chess Master free in your browser. No download or registration required! #ChessMaster #FamilyGames #BoardGames #ClassicGames #Ludo,https://playmixgames.in/Chess/,Family Games,images/Chess_pin_1.png,/Users/gauravpurohit/Documents/GP/Playmix/output/pinterest_pins/images/Chess_pin_1.png,Chess Master,Direct Play
Can You Master Chess Master?,Test your skills with Chess Master! Play Chess Master free in your browser. Can you solve every level and get the high score? Play free on PlayMix now. #ChessMaster #FamilyGames #BoardGames #ClassicGames #Ludo,https://playmixgames.in/Chess/,Family Games,images/Chess_pin_2.png,/Users/gauravpurohit/Documents/GP/Playmix/output/pinterest_pins/images/Chess_pin_2.png,Chess Master,Challenge
Relax With Chess Master,Unwind and have fun with Chess Master online. Play Chess Master free in your browser. Perfect for a quick gaming break anytime! #ChessMaster #FamilyGames #BoardGames #ClassicGames #Ludo,https://playmixgames.in/Chess/,Family Games,images/Chess_pin_3.png,/Users/gauravpurohit/Documents/GP/Playmix/output/pinterest_pins/images/Chess_pin_3.png,Chess Master,Relaxation
Play Ludo Classic Online Free,Play Ludo Classic online free in your browser. Play Ludo Classic free in your browser. No download or registration required! #LudoClassic #FamilyGames #BoardGames #ClassicGames #Ludo,https://playmixgames.in/Ludo/,Family Games,images/Ludo_pin_1.png,/Users/gauravpurohit/Documents/GP/Playmix/output/pinterest_pins/images/Ludo_pin_1.png,Ludo Classic,Direct Play
Can You Master Ludo Classic?,Test your skills with Ludo Classic! Play Ludo Classic free in your browser. Can you solve every level and get the high score? Play free on PlayMix now. #LudoClassic #FamilyGames #BoardGames #ClassicGames #Ludo,https://playmixgames.in/Ludo/,Family Games,images/Ludo_pin_2.png,/Users/gauravpurohit/Documents/GP/Playmix/output/pinterest_pins/images/Ludo_pin_2.png,Ludo Classic,Challenge
Relax With Ludo Classic,Unwind and have fun with Ludo Classic online. Play Ludo Classic free in your browser. Perfect for a quick gaming break anytime! #LudoClassic #FamilyGames #BoardGames #ClassicGames #Ludo,https://playmixgames.in/Ludo/,Family Games,images/Ludo_pin_3.png,/Users/gauravpurohit/Documents/GP/Playmix/output/pinterest_pins/images/Ludo_pin_3.png,Ludo Classic,Relaxation
Play Snakes & Ladders Online Free,Play Snakes & Ladders online free in your browser. Play Snakes & Ladders free in your browser. No download or registration required! #SnakesLadders #FamilyGames #BoardGames #ClassicGames #Ludo,https://playmixgames.in/SnakesAndLadders/,Family Games,images/SnakesAndLadders_pin_1.png,/Users/gauravpurohit/Documents/GP/Playmix/output/pinterest_pins/images/SnakesAndLadders_pin_1.png,Snakes & Ladders,Direct Play
Can You Master Snakes & Ladders?,Test your skills with Snakes & Ladders! Play Snakes & Ladders free in your browser. Can you solve every level and get the high score? Play free on PlayMix now. #SnakesLadders #FamilyGames #BoardGames #ClassicGames #Ludo,https://playmixgames.in/SnakesAndLadders/,Family Games,images/SnakesAndLadders_pin_2.png,/Users/gauravpurohit/Documents/GP/Playmix/output/pinterest_pins/images/SnakesAndLadders_pin_2.png,Snakes & Ladders,Challenge
Relax With Snakes & Ladders,Unwind and have fun with Snakes & Ladders online. Play Snakes & Ladders free in your browser. Perfect for a quick gaming break anytime! #SnakesLadders #FamilyGames #BoardGames #ClassicGames #Ludo,https://playmixgames.in/SnakesAndLadders/,Family Games,images/SnakesAndLadders_pin_3.png,/Users/gauravpurohit/Documents/GP/Playmix/output/pinterest_pins/images/SnakesAndLadders_pin_3.png,Snakes & Ladders,Relaxation
Play Backgammon Classic Online Free,Play Backgammon Classic online free in your browser. Play Backgammon Classic free in your browser. No download or registration required! #BackgammonClassic #FamilyGames #BoardGames #ClassicGames #Ludo,https://playmixgames.in/Backgammon/,Family Games,images/Backgammon_pin_1.png,/Users/gauravpurohit/Documents/GP/Playmix/output/pinterest_pins/images/Backgammon_pin_1.png,Backgammon Classic,Direct Play
Can You Master Backgammon Classic?,Test your skills with Backgammon Classic! Play Backgammon Classic free in your browser. Can you solve every level and get the high score? Play free on PlayMix now. #BackgammonClassic #FamilyGames #BoardGames #ClassicGames #Ludo,https://playmixgames.in/Backgammon/,Family Games,images/Backgammon_pin_2.png,/Users/gauravpurohit/Documents/GP/Playmix/output/pinterest_pins/images/Backgammon_pin_2.png,Backgammon Classic,Challenge
Relax With Backgammon Classic,Unwind and have fun with Backgammon Classic online. Play Backgammon Classic free in your browser. Perfect for a quick gaming break anytime! #BackgammonClassic #FamilyGames #BoardGames #ClassicGames #Ludo,https://playmixgames.in/Backgammon/,Family Games,images/Backgammon_pin_3.png,/Users/gauravpurohit/Documents/GP/Playmix/output/pinterest_pins/images/Backgammon_pin_3.png,Backgammon Classic,Relaxation
Play Neon Pac-Man Online Free,Play Neon Pac-Man online free in your browser. Play Neon Pac-Man free in your browser. No download or registration required! #NeonPacMan #FamilyGames #BoardGames #ClassicGames #Ludo,https://playmixgames.in/NeonPacman/,Family Games,images/NeonPacman_pin_1.png,/Users/gauravpurohit/Documents/GP/Playmix/output/pinterest_pins/images/NeonPacman_pin_1.png,Neon Pac-Man,Direct Play
Can You Master Neon Pac-Man?,Test your skills with Neon Pac-Man! Play Neon Pac-Man free in your browser. Can you solve every level and get the high score? Play free on PlayMix now. #NeonPacMan #FamilyGames #BoardGames #ClassicGames #Ludo,https://playmixgames.in/NeonPacman/,Family Games,images/NeonPacman_pin_2.png,/Users/gauravpurohit/Documents/GP/Playmix/output/pinterest_pins/images/NeonPacman_pin_2.png,Neon Pac-Man,Challenge
Relax With Neon Pac-Man,Unwind and have fun with Neon Pac-Man online. Play Neon Pac-Man free in your browser. Perfect for a quick gaming break anytime! #NeonPacMan #FamilyGames #BoardGames #ClassicGames #Ludo,https://playmixgames.in/NeonPacman/,Family Games,images/NeonPacman_pin_3.png,/Users/gauravpurohit/Documents/GP/Playmix/output/pinterest_pins/images/NeonPacman_pin_3.png,Neon Pac-Man,Relaxation
Play Neon Snake Online Free,Play Neon Snake online free in your browser. Play Neon Snake free in your browser. No download or registration required! #NeonSnake #FamilyGames #BoardGames #ClassicGames #Ludo,https://playmixgames.in/NeonSnake/,Family Games,images/NeonSnake_pin_1.png,/Users/gauravpurohit/Documents/GP/Playmix/output/pinterest_pins/images/NeonSnake_pin_1.png,Neon Snake,Direct Play
Can You Master Neon Snake?,Test your skills with Neon Snake! Play Neon Snake free in your browser. Can you solve every level and get the high score? Play free on PlayMix now. #NeonSnake #FamilyGames #BoardGames #ClassicGames #Ludo,https://playmixgames.in/NeonSnake/,Family Games,images/NeonSnake_pin_2.png,/Users/gauravpurohit/Documents/GP/Playmix/output/pinterest_pins/images/NeonSnake_pin_2.png,Neon Snake,Challenge
Relax With Neon Snake,Unwind and have fun with Neon Snake online. Play Neon Snake free in your browser. Perfect for a quick gaming break anytime! #NeonSnake #FamilyGames #BoardGames #ClassicGames #Ludo,https://playmixgames.in/NeonSnake/,Family Games,images/NeonSnake_pin_3.png,/Users/gauravpurohit/Documents/GP/Playmix/output/pinterest_pins/images/NeonSnake_pin_3.png,Neon Snake,Relaxation
Play SkiFree Classic Online Free,Play SkiFree Classic online free in your browser. Play SkiFree Classic free in your browser. No download or registration required! #SkiFreeClassic #BrowserGames #ArcadeGames #FreeGames #OnlineGames,https://playmixgames.in/SkiFree/,Free Browser Games,images/SkiFree_pin_1.png,/Users/gauravpurohit/Documents/GP/Playmix/output/pinterest_pins/images/SkiFree_pin_1.png,SkiFree Classic,Direct Play
Can You Master SkiFree Classic?,Test your skills with SkiFree Classic! Play SkiFree Classic free in your browser. Can you solve every level and get the high score? Play free on PlayMix now. #SkiFreeClassic #BrowserGames #ArcadeGames #FreeGames #OnlineGames,https://playmixgames.in/SkiFree/,Free Browser Games,images/SkiFree_pin_2.png,/Users/gauravpurohit/Documents/GP/Playmix/output/pinterest_pins/images/SkiFree_pin_2.png,SkiFree Classic,Challenge
Relax With SkiFree Classic,Unwind and have fun with SkiFree Classic online. Play SkiFree Classic free in your browser. Perfect for a quick gaming break anytime! #SkiFreeClassic #BrowserGames #ArcadeGames #FreeGames #OnlineGames,https://playmixgames.in/SkiFree/,Free Browser Games,images/SkiFree_pin_3.png,/Users/gauravpurohit/Documents/GP/Playmix/output/pinterest_pins/images/SkiFree_pin_3.png,SkiFree Classic,Relaxation
Play Sushi Match Online Free,Play Sushi Match online free in your browser. Play Sushi Match free in your browser. No download or registration required! #SushiMatch #PuzzleGames #BrowserGames #OnlineGames #PlayMix,https://playmixgames.in/SushiMatch/,Puzzle Games,images/SushiMatch_pin_1.png,/Users/gauravpurohit/Documents/GP/Playmix/output/pinterest_pins/images/SushiMatch_pin_1.png,Sushi Match,Direct Play
Can You Master Sushi Match?,Test your skills with Sushi Match! Play Sushi Match free in your browser. Can you solve every level and get the high score? Play free on PlayMix now. #SushiMatch #PuzzleGames #BrowserGames #OnlineGames #PlayMix,https://playmixgames.in/SushiMatch/,Puzzle Games,images/SushiMatch_pin_2.png,/Users/gauravpurohit/Documents/GP/Playmix/output/pinterest_pins/images/SushiMatch_pin_2.png,Sushi Match,Challenge
Relax With Sushi Match,Unwind and have fun with Sushi Match online. Play Sushi Match free in your browser. Perfect for a quick gaming break anytime! #SushiMatch #PuzzleGames #BrowserGames #OnlineGames #PlayMix,https://playmixgames.in/SushiMatch/,Puzzle Games,images/SushiMatch_pin_3.png,/Users/gauravpurohit/Documents/GP/Playmix/output/pinterest_pins/images/SushiMatch_pin_3.png,Sushi Match,Relaxation
Play Burger Stack Online Free,Play Burger Stack online free in your browser. Play Burger Stack free in your browser. No download or registration required! #BurgerStack #BrowserGames #ArcadeGames #FreeGames #OnlineGames,https://playmixgames.in/BurgerStack/,Free Browser Games,images/BurgerStack_pin_1.png,/Users/gauravpurohit/Documents/GP/Playmix/output/pinterest_pins/images/BurgerStack_pin_1.png,Burger Stack,Direct Play
Can You Master Burger Stack?,Test your skills with Burger Stack! Play Burger Stack free in your browser. Can you solve every level and get the high score? Play free on PlayMix now. #BurgerStack #BrowserGames #ArcadeGames #FreeGames #OnlineGames,https://playmixgames.in/BurgerStack/,Free Browser Games,images/BurgerStack_pin_2.png,/Users/gauravpurohit/Documents/GP/Playmix/output/pinterest_pins/images/BurgerStack_pin_2.png,Burger Stack,Challenge
Relax With Burger Stack,Unwind and have fun with Burger Stack online. Play Burger Stack free in your browser. Perfect for a quick gaming break anytime! #BurgerStack #BrowserGames #ArcadeGames #FreeGames #OnlineGames,https://playmixgames.in/BurgerStack/,Free Browser Games,images/BurgerStack_pin_3.png,/Users/gauravpurohit/Documents/GP/Playmix/output/pinterest_pins/images/BurgerStack_pin_3.png,Burger Stack,Relaxation
Play Family Tree Online Free,Play Family Tree online free in your browser. Play Family Tree free in your browser. No download or registration required! #FamilyTree #FamilyGames #BoardGames #ClassicGames #Ludo,https://playmixgames.in/FamilyTree/,Family Games,images/FamilyTree_pin_1.png,/Users/gauravpurohit/Documents/GP/Playmix/output/pinterest_pins/images/FamilyTree_pin_1.png,Family Tree,Direct Play
Can You Master Family Tree?,Test your skills with Family Tree! Play Family Tree free in your browser. Can you solve every level and get the high score? Play free on PlayMix now. #FamilyTree #FamilyGames #BoardGames #ClassicGames #Ludo,https://playmixgames.in/FamilyTree/,Family Games,images/FamilyTree_pin_2.png,/Users/gauravpurohit/Documents/GP/Playmix/output/pinterest_pins/images/FamilyTree_pin_2.png,Family Tree,Challenge
Relax With Family Tree,Unwind and have fun with Family Tree online. Play Family Tree free in your browser. Perfect for a quick gaming break anytime! #FamilyTree #FamilyGames #BoardGames #ClassicGames #Ludo,https://playmixgames.in/FamilyTree/,Family Games,images/FamilyTree_pin_3.png,/Users/gauravpurohit/Documents/GP/Playmix/output/pinterest_pins/images/FamilyTree_pin_3.png,Family Tree,Relaxation
Play Stickman Warriors Online Free,Play Stickman Warriors online free in your browser. Play Stickman Warriors free in your browser. No download or registration required! #StickmanWarriors #FamilyGames #BoardGames #ClassicGames #Ludo,https://playmixgames.in/StickDuel/,Family Games,images/StickDuel_pin_1.png,/Users/gauravpurohit/Documents/GP/Playmix/output/pinterest_pins/images/StickDuel_pin_1.png,Stickman Warriors,Direct Play
Can You Master Stickman Warriors?,Test your skills with Stickman Warriors! Play Stickman Warriors free in your browser. Can you solve every level and get the high score? Play free on PlayMix now. #StickmanWarriors #FamilyGames #BoardGames #ClassicGames #Ludo,https://playmixgames.in/StickDuel/,Family Games,images/StickDuel_pin_2.png,/Users/gauravpurohit/Documents/GP/Playmix/output/pinterest_pins/images/StickDuel_pin_2.png,Stickman Warriors,Challenge
Relax With Stickman Warriors,Unwind and have fun with Stickman Warriors online. Play Stickman Warriors free in your browser. Perfect for a quick gaming break anytime! #StickmanWarriors #FamilyGames #BoardGames #ClassicGames #Ludo,https://playmixgames.in/StickDuel/,Family Games,images/StickDuel_pin_3.png,/Users/gauravpurohit/Documents/GP/Playmix/output/pinterest_pins/images/StickDuel_pin_3.png,Stickman Warriors,Relaxation
Play Personality Test Online Free,Play Personality Test online free in your browser. Play Personality Test free in your browser. No download or registration required! #PersonalityTest #BrainGames #MathGames #Sudoku #LogicPuzzles,https://playmixgames.in/PersonalityTest/,Brain Games,images/PersonalityTest_pin_1.png,/Users/gauravpurohit/Documents/GP/Playmix/output/pinterest_pins/images/PersonalityTest_pin_1.png,Personality Test,Direct Play
Can You Master Personality Test?,Test your skills with Personality Test! Play Personality Test free in your browser. Can you solve every level and get the high score? Play free on PlayMix now. #PersonalityTest #BrainGames #MathGames #Sudoku #LogicPuzzles,https://playmixgames.in/PersonalityTest/,Brain Games,images/PersonalityTest_pin_2.png,/Users/gauravpurohit/Documents/GP/Playmix/output/pinterest_pins/images/PersonalityTest_pin_2.png,Personality Test,Challenge
Relax With Personality Test,Unwind and have fun with Personality Test online. Play Personality Test free in your browser. Perfect for a quick gaming break anytime! #PersonalityTest #BrainGames #MathGames #Sudoku #LogicPuzzles,https://playmixgames.in/PersonalityTest/,Brain Games,images/PersonalityTest_pin_3.png,/Users/gauravpurohit/Documents/GP/Playmix/output/pinterest_pins/images/PersonalityTest_pin_3.png,Personality Test,Relaxation
Play AI Readiness Online Free,Play AI Readiness online free in your browser. Play AI Readiness free in your browser. No download or registration required! #AIReadiness #BrainGames #MathGames #Sudoku #LogicPuzzles,https://playmixgames.in/AIReadiness/,Brain Games,images/AIReadiness_pin_1.png,/Users/gauravpurohit/Documents/GP/Playmix/output/pinterest_pins/images/AIReadiness_pin_1.png,AI Readiness,Direct Play
Can You Master AI Readiness?,Test your skills with AI Readiness! Play AI Readiness free in your browser. Can you solve every level and get the high score? Play free on PlayMix now. #AIReadiness #BrainGames #MathGames #Sudoku #LogicPuzzles,https://playmixgames.in/AIReadiness/,Brain Games,images/AIReadiness_pin_2.png,/Users/gauravpurohit/Documents/GP/Playmix/output/pinterest_pins/images/AIReadiness_pin_2.png,AI Readiness,Challenge
Relax With AI Readiness,Unwind and have fun with AI Readiness online. Play AI Readiness free in your browser. Perfect for a quick gaming break anytime! #AIReadiness #BrainGames #MathGames #Sudoku #LogicPuzzles,https://playmixgames.in/AIReadiness/,Brain Games,images/AIReadiness_pin_3.png,/Users/gauravpurohit/Documents/GP/Playmix/output/pinterest_pins/images/AIReadiness_pin_3.png,AI Readiness,Relaxation
Play Travel Destiny Online Free,Play Travel Destiny online free in your browser. Play Travel Destiny free in your browser. No download or registration required! #TravelDestiny #BrainGames #MathGames #Sudoku #LogicPuzzles,https://playmixgames.in/TravelDestiny/,Brain Games,images/TravelDestiny_pin_1.png,/Users/gauravpurohit/Documents/GP/Playmix/output/pinterest_pins/images/TravelDestiny_pin_1.png,Travel Destiny,Direct Play
Can You Master Travel Destiny?,Test your skills with Travel Destiny! Play Travel Destiny free in your browser. Can you solve every level and get the high score? Play free on PlayMix now. #TravelDestiny #BrainGames #MathGames #Sudoku #LogicPuzzles,https://playmixgames.in/TravelDestiny/,Brain Games,images/TravelDestiny_pin_2.png,/Users/gauravpurohit/Documents/GP/Playmix/output/pinterest_pins/images/TravelDestiny_pin_2.png,Travel Destiny,Challenge
Relax With Travel Destiny,Unwind and have fun with Travel Destiny online. Play Travel Destiny free in your browser. Perfect for a quick gaming break anytime! #TravelDestiny #BrainGames #MathGames #Sudoku #LogicPuzzles,https://playmixgames.in/TravelDestiny/,Brain Games,images/TravelDestiny_pin_3.png,/Users/gauravpurohit/Documents/GP/Playmix/output/pinterest_pins/images/TravelDestiny_pin_3.png,Travel Destiny,Relaxation
Play Anime Archetype Online Free,Play Anime Archetype online free in your browser. Play Anime Archetype free in your browser. No download or registration required! #AnimeArchetype #BrainGames #MathGames #Sudoku #LogicPuzzles,https://playmixgames.in/AnimeArchetype/,Brain Games,images/AnimeArchetype_pin_1.png,/Users/gauravpurohit/Documents/GP/Playmix/output/pinterest_pins/images/AnimeArchetype_pin_1.png,Anime Archetype,Direct Play
Can You Master Anime Archetype?,Test your skills with Anime Archetype! Play Anime Archetype free in your browser. Can you solve every level and get the high score? Play free on PlayMix now. #AnimeArchetype #BrainGames #MathGames #Sudoku #LogicPuzzles,https://playmixgames.in/AnimeArchetype/,Brain Games,images/AnimeArchetype_pin_2.png,/Users/gauravpurohit/Documents/GP/Playmix/output/pinterest_pins/images/AnimeArchetype_pin_2.png,Anime Archetype,Challenge
Relax With Anime Archetype,Unwind and have fun with Anime Archetype online. Play Anime Archetype free in your browser. Perfect for a quick gaming break anytime! #AnimeArchetype #BrainGames #MathGames #Sudoku #LogicPuzzles,https://playmixgames.in/AnimeArchetype/,Brain Games,images/AnimeArchetype_pin_3.png,/Users/gauravpurohit/Documents/GP/Playmix/output/pinterest_pins/images/AnimeArchetype_pin_3.png,Anime Archetype,Relaxation
Play Leadership Style Online Free,Play Leadership Style online free in your browser. Play Leadership Style free in your browser. No download or registration required! #LeadershipStyle #BrainGames #MathGames #Sudoku #LogicPuzzles,https://playmixgames.in/LeadershipStyle/,Brain Games,images/LeadershipStyle_pin_1.png,/Users/gauravpurohit/Documents/GP/Playmix/output/pinterest_pins/images/LeadershipStyle_pin_1.png,Leadership Style,Direct Play
Can You Master Leadership Style?,Test your skills with Leadership Style! Play Leadership Style free in your browser. Can you solve every level and get the high score? Play free on PlayMix now. #LeadershipStyle #BrainGames #MathGames #Sudoku #LogicPuzzles,https://playmixgames.in/LeadershipStyle/,Brain Games,images/LeadershipStyle_pin_2.png,/Users/gauravpurohit/Documents/GP/Playmix/output/pinterest_pins/images/LeadershipStyle_pin_2.png,Leadership Style,Challenge
Relax With Leadership Style,Unwind and have fun with Leadership Style online. Play Leadership Style free in your browser. Perfect for a quick gaming break anytime! #LeadershipStyle #BrainGames #MathGames #Sudoku #LogicPuzzles,https://playmixgames.in/LeadershipStyle/,Brain Games,images/LeadershipStyle_pin_3.png,/Users/gauravpurohit/Documents/GP/Playmix/output/pinterest_pins/images/LeadershipStyle_pin_3.png,Leadership Style,Relaxation
Play Hidden Talent Online Free,Play Hidden Talent online free in your browser. Play Hidden Talent free in your browser. No download or registration required! #HiddenTalent #HiddenObjectGames #WordGames #BrowserGames #OnlineGames,https://playmixgames.in/HiddenTalent/,Hidden Object Games,images/HiddenTalent_pin_1.png,/Users/gauravpurohit/Documents/GP/Playmix/output/pinterest_pins/images/HiddenTalent_pin_1.png,Hidden Talent,Direct Play
Can You Master Hidden Talent?,Test your skills with Hidden Talent! Play Hidden Talent free in your browser. Can you solve every level and get the high score? Play free on PlayMix now. #HiddenTalent #HiddenObjectGames #WordGames #BrowserGames #OnlineGames,https://playmixgames.in/HiddenTalent/,Hidden Object Games,images/HiddenTalent_pin_2.png,/Users/gauravpurohit/Documents/GP/Playmix/output/pinterest_pins/images/HiddenTalent_pin_2.png,Hidden Talent,Challenge
Relax With Hidden Talent,Unwind and have fun with Hidden Talent online. Play Hidden Talent free in your browser. Perfect for a quick gaming break anytime! #HiddenTalent #HiddenObjectGames #WordGames #BrowserGames #OnlineGames,https://playmixgames.in/HiddenTalent/,Hidden Object Games,images/HiddenTalent_pin_3.png,/Users/gauravpurohit/Documents/GP/Playmix/output/pinterest_pins/images/HiddenTalent_pin_3.png,Hidden Talent,Relaxation
Play Health Hero Online Free,Play Health Hero online free in your browser. Play Health Hero free in your browser. No download or registration required! #HealthHero #BrainGames #MathGames #Sudoku #LogicPuzzles,https://playmixgames.in/HealthHeroTrivia/,Brain Games,images/HealthHeroTrivia_pin_1.png,/Users/gauravpurohit/Documents/GP/Playmix/output/pinterest_pins/images/HealthHeroTrivia_pin_1.png,Health Hero,Direct Play
Can You Master Health Hero?,Test your skills with Health Hero! Play Health Hero free in your browser. Can you solve every level and get the high score? Play free on PlayMix now. #HealthHero #BrainGames #MathGames #Sudoku #LogicPuzzles,https://playmixgames.in/HealthHeroTrivia/,Brain Games,images/HealthHeroTrivia_pin_2.png,/Users/gauravpurohit/Documents/GP/Playmix/output/pinterest_pins/images/HealthHeroTrivia_pin_2.png,Health Hero,Challenge
Relax With Health Hero,Unwind and have fun with Health Hero online. Play Health Hero free in your browser. Perfect for a quick gaming break anytime! #HealthHero #BrainGames #MathGames #Sudoku #LogicPuzzles,https://playmixgames.in/HealthHeroTrivia/,Brain Games,images/HealthHeroTrivia_pin_3.png,/Users/gauravpurohit/Documents/GP/Playmix/output/pinterest_pins/images/HealthHeroTrivia_pin_3.png,Health Hero,Relaxation
Play English Grammar Online Free,Play English Grammar online free in your browser. Play English Grammar free in your browser. No download or registration required! #EnglishGrammar #BrainGames #MathGames #Sudoku #LogicPuzzles,https://playmixgames.in/EnglishGrammarQuiz/,Brain Games,images/EnglishGrammarQuiz_pin_1.png,/Users/gauravpurohit/Documents/GP/Playmix/output/pinterest_pins/images/EnglishGrammarQuiz_pin_1.png,English Grammar,Direct Play
Can You Master English Grammar?,Test your skills with English Grammar! Play English Grammar free in your browser. Can you solve every level and get the high score? Play free on PlayMix now. #EnglishGrammar #BrainGames #MathGames #Sudoku #LogicPuzzles,https://playmixgames.in/EnglishGrammarQuiz/,Brain Games,images/EnglishGrammarQuiz_pin_2.png,/Users/gauravpurohit/Documents/GP/Playmix/output/pinterest_pins/images/EnglishGrammarQuiz_pin_2.png,English Grammar,Challenge
Relax With English Grammar,Unwind and have fun with English Grammar online. Play English Grammar free in your browser. Perfect for a quick gaming break anytime! #EnglishGrammar #BrainGames #MathGames #Sudoku #LogicPuzzles,https://playmixgames.in/EnglishGrammarQuiz/,Brain Games,images/EnglishGrammarQuiz_pin_3.png,/Users/gauravpurohit/Documents/GP/Playmix/output/pinterest_pins/images/EnglishGrammarQuiz_pin_3.png,English Grammar,Relaxation
Play Nutrition Quiz Online Free,Play Nutrition Quiz online free in your browser. Play Nutrition Quiz free in your browser. No download or registration required! #NutritionQuiz #BrainGames #MathGames #Sudoku #LogicPuzzles,https://playmixgames.in/NutritionQuiz/,Brain Games,images/NutritionQuiz_pin_1.png,/Users/gauravpurohit/Documents/GP/Playmix/output/pinterest_pins/images/NutritionQuiz_pin_1.png,Nutrition Quiz,Direct Play
Can You Master Nutrition Quiz?,Test your skills with Nutrition Quiz! Play Nutrition Quiz free in your browser. Can you solve every level and get the high score? Play free on PlayMix now. #NutritionQuiz #BrainGames #MathGames #Sudoku #LogicPuzzles,https://playmixgames.in/NutritionQuiz/,Brain Games,images/NutritionQuiz_pin_2.png,/Users/gauravpurohit/Documents/GP/Playmix/output/pinterest_pins/images/NutritionQuiz_pin_2.png,Nutrition Quiz,Challenge
Relax With Nutrition Quiz,Unwind and have fun with Nutrition Quiz online. Play Nutrition Quiz free in your browser. Perfect for a quick gaming break anytime! #NutritionQuiz #BrainGames #MathGames #Sudoku #LogicPuzzles,https://playmixgames.in/NutritionQuiz/,Brain Games,images/NutritionQuiz_pin_3.png,/Users/gauravpurohit/Documents/GP/Playmix/output/pinterest_pins/images/NutritionQuiz_pin_3.png,Nutrition Quiz,Relaxation
Play ABC Tracing Online Free,Play ABC Tracing online free in your browser. Play ABC Tracing free in your browser. No download or registration required! #ABCTracing #RelaxingGames #CasualGames #AntiStress #BrowserGames,https://playmixgames.in/ABCTracing/,Relaxing Games,images/ABCTracing_pin_1.png,/Users/gauravpurohit/Documents/GP/Playmix/output/pinterest_pins/images/ABCTracing_pin_1.png,ABC Tracing,Direct Play
Can You Master ABC Tracing?,Test your skills with ABC Tracing! Play ABC Tracing free in your browser. Can you solve every level and get the high score? Play free on PlayMix now. #ABCTracing #RelaxingGames #CasualGames #AntiStress #BrowserGames,https://playmixgames.in/ABCTracing/,Relaxing Games,images/ABCTracing_pin_2.png,/Users/gauravpurohit/Documents/GP/Playmix/output/pinterest_pins/images/ABCTracing_pin_2.png,ABC Tracing,Challenge
Relax With ABC Tracing,Unwind and have fun with ABC Tracing online. Play ABC Tracing free in your browser. Perfect for a quick gaming break anytime! #ABCTracing #RelaxingGames #CasualGames #AntiStress #BrowserGames,https://playmixgames.in/ABCTracing/,Relaxing Games,images/ABCTracing_pin_3.png,/Users/gauravpurohit/Documents/GP/Playmix/output/pinterest_pins/images/ABCTracing_pin_3.png,ABC Tracing,Relaxation
Play Simply Draw Online Free,Play Simply Draw online free in your browser. Play Simply Draw free in your browser. No download or registration required! #SimplyDraw #BrowserGames #ArcadeGames #FreeGames #OnlineGames,https://playmixgames.in/SimplyDraw/,Free Browser Games,images/SimplyDraw_pin_1.png,/Users/gauravpurohit/Documents/GP/Playmix/output/pinterest_pins/images/SimplyDraw_pin_1.png,Simply Draw,Direct Play
Can You Master Simply Draw?,Test your skills with Simply Draw! Play Simply Draw free in your browser. Can you solve every level and get the high score? Play free on PlayMix now. #SimplyDraw #BrowserGames #ArcadeGames #FreeGames #OnlineGames,https://playmixgames.in/SimplyDraw/,Free Browser Games,images/SimplyDraw_pin_2.png,/Users/gauravpurohit/Documents/GP/Playmix/output/pinterest_pins/images/SimplyDraw_pin_2.png,Simply Draw,Challenge
Relax With Simply Draw,Unwind and have fun with Simply Draw online. Play Simply Draw free in your browser. Perfect for a quick gaming break anytime! #SimplyDraw #BrowserGames #ArcadeGames #FreeGames #OnlineGames,https://playmixgames.in/SimplyDraw/,Free Browser Games,images/SimplyDraw_pin_3.png,/Users/gauravpurohit/Documents/GP/Playmix/output/pinterest_pins/images/SimplyDraw_pin_3.png,Simply Draw,Relaxation
Play Math Quiz Online Free,Play Math Quiz online free in your browser. Play Math Quiz free in your browser. No download or registration required! #MathQuiz #BrainGames #MathGames #Sudoku #LogicPuzzles,https://playmixgames.in/DailyMathEquator/,Brain Games,images/DailyMathEquator_pin_1.png,/Users/gauravpurohit/Documents/GP/Playmix/output/pinterest_pins/images/DailyMathEquator_pin_1.png,Math Quiz,Direct Play
Can You Master Math Quiz?,Test your skills with Math Quiz! Play Math Quiz free in your browser. Can you solve every level and get the high score? Play free on PlayMix now. #MathQuiz #BrainGames #MathGames #Sudoku #LogicPuzzles,https://playmixgames.in/DailyMathEquator/,Brain Games,images/DailyMathEquator_pin_2.png,/Users/gauravpurohit/Documents/GP/Playmix/output/pinterest_pins/images/DailyMathEquator_pin_2.png,Math Quiz,Challenge
Relax With Math Quiz,Unwind and have fun with Math Quiz online. Play Math Quiz free in your browser. Perfect for a quick gaming break anytime! #MathQuiz #BrainGames #MathGames #Sudoku #LogicPuzzles,https://playmixgames.in/DailyMathEquator/,Brain Games,images/DailyMathEquator_pin_3.png,/Users/gauravpurohit/Documents/GP/Playmix/output/pinterest_pins/images/DailyMathEquator_pin_3.png,Math Quiz,Relaxation
Play Typing Speed Online Free,Play Typing Speed online free in your browser. Play Typing Speed free in your browser. No download or registration required! #TypingSpeed #BrainGames #MathGames #Sudoku #LogicPuzzles,https://playmixgames.in/TypingSpeedTest/,Brain Games,images/TypingSpeedTest_pin_1.png,/Users/gauravpurohit/Documents/GP/Playmix/output/pinterest_pins/images/TypingSpeedTest_pin_1.png,Typing Speed,Direct Play
Can You Master Typing Speed?,Test your skills with Typing Speed! Play Typing Speed free in your browser. Can you solve every level and get the high score? Play free on PlayMix now. #TypingSpeed #BrainGames #MathGames #Sudoku #LogicPuzzles,https://playmixgames.in/TypingSpeedTest/,Brain Games,images/TypingSpeedTest_pin_2.png,/Users/gauravpurohit/Documents/GP/Playmix/output/pinterest_pins/images/TypingSpeedTest_pin_2.png,Typing Speed,Challenge
Relax With Typing Speed,Unwind and have fun with Typing Speed online. Play Typing Speed free in your browser. Perfect for a quick gaming break anytime! #TypingSpeed #BrainGames #MathGames #Sudoku #LogicPuzzles,https://playmixgames.in/TypingSpeedTest/,Brain Games,images/TypingSpeedTest_pin_3.png,/Users/gauravpurohit/Documents/GP/Playmix/output/pinterest_pins/images/TypingSpeedTest_pin_3.png,Typing Speed,Relaxation
Play Knowledge Reels Online Free,Play Knowledge Reels online free in your browser. Play Knowledge Reels free in your browser. No download or registration required! #KnowledgeReels #BrowserGames #ArcadeGames #FreeGames #OnlineGames,https://playmixgames.in/KnowledgeReels/,Free Browser Games,images/KnowledgeReels_pin_1.png,/Users/gauravpurohit/Documents/GP/Playmix/output/pinterest_pins/images/KnowledgeReels_pin_1.png,Knowledge Reels,Direct Play
Can You Master Knowledge Reels?,Test your skills with Knowledge Reels! Play Knowledge Reels free in your browser. Can you solve every level and get the high score? Play free on PlayMix now. #KnowledgeReels #BrowserGames #ArcadeGames #FreeGames #OnlineGames,https://playmixgames.in/KnowledgeReels/,Free Browser Games,images/KnowledgeReels_pin_2.png,/Users/gauravpurohit/Documents/GP/Playmix/output/pinterest_pins/images/KnowledgeReels_pin_2.png,Knowledge Reels,Challenge
Relax With Knowledge Reels,Unwind and have fun with Knowledge Reels online. Play Knowledge Reels free in your browser. Perfect for a quick gaming break anytime! #KnowledgeReels #BrowserGames #ArcadeGames #FreeGames #OnlineGames,https://playmixgames.in/KnowledgeReels/,Free Browser Games,images/KnowledgeReels_pin_3.png,/Users/gauravpurohit/Documents/GP/Playmix/output/pinterest_pins/images/KnowledgeReels_pin_3.png,Knowledge Reels,Relaxation
Play Life Skills Online Free,Play Life Skills online free in your browser. Play Life Skills free in your browser. No download or registration required! #LifeSkills #BrowserGames #ArcadeGames #FreeGames #OnlineGames,https://playmixgames.in/LifeSkillsReels/,Free Browser Games,images/LifeSkillsReels_pin_1.png,/Users/gauravpurohit/Documents/GP/Playmix/output/pinterest_pins/images/LifeSkillsReels_pin_1.png,Life Skills,Direct Play
Can You Master Life Skills?,Test your skills with Life Skills! Play Life Skills free in your browser. Can you solve every level and get the high score? Play free on PlayMix now. #LifeSkills #BrowserGames #ArcadeGames #FreeGames #OnlineGames,https://playmixgames.in/LifeSkillsReels/,Free Browser Games,images/LifeSkillsReels_pin_2.png,/Users/gauravpurohit/Documents/GP/Playmix/output/pinterest_pins/images/LifeSkillsReels_pin_2.png,Life Skills,Challenge
Relax With Life Skills,Unwind and have fun with Life Skills online. Play Life Skills free in your browser. Perfect for a quick gaming break anytime! #LifeSkills #BrowserGames #ArcadeGames #FreeGames #OnlineGames,https://playmixgames.in/LifeSkillsReels/,Free Browser Games,images/LifeSkillsReels_pin_3.png,/Users/gauravpurohit/Documents/GP/Playmix/output/pinterest_pins/images/LifeSkillsReels_pin_3.png,Life Skills,Relaxation
Play Football Reels Online Free,Play Football Reels online free in your browser. Play Football Reels free in your browser. No download or registration required! #FootballReels #BrowserGames #ArcadeGames #FreeGames #OnlineGames,https://playmixgames.in/FootballReels/,Free Browser Games,images/FootballReels_pin_1.png,/Users/gauravpurohit/Documents/GP/Playmix/output/pinterest_pins/images/FootballReels_pin_1.png,Football Reels,Direct Play
Can You Master Football Reels?,Test your skills with Football Reels! Play Football Reels free in your browser. Can you solve every level and get the high score? Play free on PlayMix now. #FootballReels #BrowserGames #ArcadeGames #FreeGames #OnlineGames,https://playmixgames.in/FootballReels/,Free Browser Games,images/FootballReels_pin_2.png,/Users/gauravpurohit/Documents/GP/Playmix/output/pinterest_pins/images/FootballReels_pin_2.png,Football Reels,Challenge
Relax With Football Reels,Unwind and have fun with Football Reels online. Play Football Reels free in your browser. Perfect for a quick gaming break anytime! #FootballReels #BrowserGames #ArcadeGames #FreeGames #OnlineGames,https://playmixgames.in/FootballReels/,Free Browser Games,images/FootballReels_pin_3.png,/Users/gauravpurohit/Documents/GP/Playmix/output/pinterest_pins/images/FootballReels_pin_3.png,Football Reels,Relaxation
Play Fitness Reels Online Free,Play Fitness Reels online free in your browser. Play Fitness Reels free in your browser. No download or registration required! #FitnessReels #BrowserGames #ArcadeGames #FreeGames #OnlineGames,https://playmixgames.in/FitnessReels/,Free Browser Games,images/FitnessReels_pin_1.png,/Users/gauravpurohit/Documents/GP/Playmix/output/pinterest_pins/images/FitnessReels_pin_1.png,Fitness Reels,Direct Play
Can You Master Fitness Reels?,Test your skills with Fitness Reels! Play Fitness Reels free in your browser. Can you solve every level and get the high score? Play free on PlayMix now. #FitnessReels #BrowserGames #ArcadeGames #FreeGames #OnlineGames,https://playmixgames.in/FitnessReels/,Free Browser Games,images/FitnessReels_pin_2.png,/Users/gauravpurohit/Documents/GP/Playmix/output/pinterest_pins/images/FitnessReels_pin_2.png,Fitness Reels,Challenge
Relax With Fitness Reels,Unwind and have fun with Fitness Reels online. Play Fitness Reels free in your browser. Perfect for a quick gaming break anytime! #FitnessReels #BrowserGames #ArcadeGames #FreeGames #OnlineGames,https://playmixgames.in/FitnessReels/,Free Browser Games,images/FitnessReels_pin_3.png,/Users/gauravpurohit/Documents/GP/Playmix/output/pinterest_pins/images/FitnessReels_pin_3.png,Fitness Reels,Relaxation
Play Wellness Reels Online Free,Play Wellness Reels online free in your browser. Play Wellness Reels free in your browser. No download or registration required! #WellnessReels #BrowserGames #ArcadeGames #FreeGames #OnlineGames,https://playmixgames.in/WellnessReels/,Free Browser Games,images/WellnessReels_pin_1.png,/Users/gauravpurohit/Documents/GP/Playmix/output/pinterest_pins/images/WellnessReels_pin_1.png,Wellness Reels,Direct Play
Can You Master Wellness Reels?,Test your skills with Wellness Reels! Play Wellness Reels free in your browser. Can you solve every level and get the high score? Play free on PlayMix now. #WellnessReels #BrowserGames #ArcadeGames #FreeGames #OnlineGames,https://playmixgames.in/WellnessReels/,Free Browser Games,images/WellnessReels_pin_2.png,/Users/gauravpurohit/Documents/GP/Playmix/output/pinterest_pins/images/WellnessReels_pin_2.png,Wellness Reels,Challenge
Relax With Wellness Reels,Unwind and have fun with Wellness Reels online. Play Wellness Reels free in your browser. Perfect for a quick gaming break anytime! #WellnessReels #BrowserGames #ArcadeGames #FreeGames #OnlineGames,https://playmixgames.in/WellnessReels/,Free Browser Games,images/WellnessReels_pin_3.png,/Users/gauravpurohit/Documents/GP/Playmix/output/pinterest_pins/images/WellnessReels_pin_3.png,Wellness Reels,Relaxation
Play Jewel Sort Online Free,Play Jewel Sort online free in your browser. Play Jewel Sort online free in your browser. No download or registration required! #JewelSort #PuzzleGames #BrowserGames #OnlineGames #PlayMix,https://playmixgames.in/JewelSort/,Puzzle Games,images/JewelSort_pin_1.png,/Users/gauravpurohit/Documents/GP/Playmix/output/pinterest_pins/images/JewelSort_pin_1.png,Jewel Sort,Direct Play
Can You Master Jewel Sort?,Test your skills with Jewel Sort! Play Jewel Sort online free in your browser. Can you solve every level and get the high score? Play free on PlayMix now. #JewelSort #PuzzleGames #BrowserGames #OnlineGames #PlayMix,https://playmixgames.in/JewelSort/,Puzzle Games,images/JewelSort_pin_2.png,/Users/gauravpurohit/Documents/GP/Playmix/output/pinterest_pins/images/JewelSort_pin_2.png,Jewel Sort,Challenge
Relax With Jewel Sort,Unwind and have fun with Jewel Sort online. Play Jewel Sort online free in your browser. Perfect for a quick gaming break anytime! #JewelSort #PuzzleGames #BrowserGames #OnlineGames #PlayMix,https://playmixgames.in/JewelSort/,Puzzle Games,images/JewelSort_pin_3.png,/Users/gauravpurohit/Documents/GP/Playmix/output/pinterest_pins/images/JewelSort_pin_3.png,Jewel Sort,Relaxation
Play Candy Blast Online Free,Play Candy Blast online free in your browser. Play Candy Blast online free in your browser. No download or registration required! #CandyBlast #BrowserGames #ArcadeGames #FreeGames #OnlineGames,https://playmixgames.in/CandyBlast/,Free Browser Games,images/CandyBlast_pin_1.png,/Users/gauravpurohit/Documents/GP/Playmix/output/pinterest_pins/images/CandyBlast_pin_1.png,Candy Blast,Direct Play
Can You Master Candy Blast?,Test your skills with Candy Blast! Play Candy Blast online free in your browser. Can you solve every level and get the high score? Play free on PlayMix now. #CandyBlast #BrowserGames #ArcadeGames #FreeGames #OnlineGames,https://playmixgames.in/CandyBlast/,Free Browser Games,images/CandyBlast_pin_2.png,/Users/gauravpurohit/Documents/GP/Playmix/output/pinterest_pins/images/CandyBlast_pin_2.png,Candy Blast,Challenge
Relax With Candy Blast,Unwind and have fun with Candy Blast online. Play Candy Blast online free in your browser. Perfect for a quick gaming break anytime! #CandyBlast #BrowserGames #ArcadeGames #FreeGames #OnlineGames,https://playmixgames.in/CandyBlast/,Free Browser Games,images/CandyBlast_pin_3.png,/Users/gauravpurohit/Documents/GP/Playmix/output/pinterest_pins/images/CandyBlast_pin_3.png,Candy Blast,Relaxation
Play Traffic Jam Online Free,Play Traffic Jam online free in your browser. Play Traffic Jam online free in your browser. No download or registration required! #TrafficJam #BrowserGames #ArcadeGames #FreeGames #OnlineGames,https://playmixgames.in/TrafficJam/,Free Browser Games,images/TrafficJam_pin_1.png,/Users/gauravpurohit/Documents/GP/Playmix/output/pinterest_pins/images/TrafficJam_pin_1.png,Traffic Jam,Direct Play
Can You Master Traffic Jam?,Test your skills with Traffic Jam! Play Traffic Jam online free in your browser. Can you solve every level and get the high score? Play free on PlayMix now. #TrafficJam #BrowserGames #ArcadeGames #FreeGames #OnlineGames,https://playmixgames.in/TrafficJam/,Free Browser Games,images/TrafficJam_pin_2.png,/Users/gauravpurohit/Documents/GP/Playmix/output/pinterest_pins/images/TrafficJam_pin_2.png,Traffic Jam,Challenge
Relax With Traffic Jam,Unwind and have fun with Traffic Jam online. Play Traffic Jam online free in your browser. Perfect for a quick gaming break anytime! #TrafficJam #BrowserGames #ArcadeGames #FreeGames #OnlineGames,https://playmixgames.in/TrafficJam/,Free Browser Games,images/TrafficJam_pin_3.png,/Users/gauravpurohit/Documents/GP/Playmix/output/pinterest_pins/images/TrafficJam_pin_3.png,Traffic Jam,Relaxation
Play Weather App Online Free,Play Weather App online free in your browser. Play Weather App online free in your browser. No download or registration required! #WeatherApp #BrowserGames #ArcadeGames #FreeGames #OnlineGames,https://playmixgames.in/WeatherApp/,Free Browser Games,images/WeatherApp_pin_1.png,/Users/gauravpurohit/Documents/GP/Playmix/output/pinterest_pins/images/WeatherApp_pin_1.png,Weather App,Direct Play
Can You Master Weather App?,Test your skills with Weather App! Play Weather App online free in your browser. Can you solve every level and get the high score? Play free on PlayMix now. #WeatherApp #BrowserGames #ArcadeGames #FreeGames #OnlineGames,https://playmixgames.in/WeatherApp/,Free Browser Games,images/WeatherApp_pin_2.png,/Users/gauravpurohit/Documents/GP/Playmix/output/pinterest_pins/images/WeatherApp_pin_2.png,Weather App,Challenge
Relax With Weather App,Unwind and have fun with Weather App online. Play Weather App online free in your browser. Perfect for a quick gaming break anytime! #WeatherApp #BrowserGames #ArcadeGames #FreeGames #OnlineGames,https://playmixgames.in/WeatherApp/,Free Browser Games,images/WeatherApp_pin_3.png,/Users/gauravpurohit/Documents/GP/Playmix/output/pinterest_pins/images/WeatherApp_pin_3.png,Weather App,Relaxation
Play Candy Sort Online Free,Play Candy Sort online free in your browser. Play Candy Sort online free in your browser. No download or registration required! #CandySort #PuzzleGames #BrowserGames #OnlineGames #PlayMix,https://playmixgames.in/CandySort/,Puzzle Games,images/CandySort_pin_1.png,/Users/gauravpurohit/Documents/GP/Playmix/output/pinterest_pins/images/CandySort_pin_1.png,Candy Sort,Direct Play
Can You Master Candy Sort?,Test your skills with Candy Sort! Play Candy Sort online free in your browser. Can you solve every level and get the high score? Play free on PlayMix now. #CandySort #PuzzleGames #BrowserGames #OnlineGames #PlayMix,https://playmixgames.in/CandySort/,Puzzle Games,images/CandySort_pin_2.png,/Users/gauravpurohit/Documents/GP/Playmix/output/pinterest_pins/images/CandySort_pin_2.png,Candy Sort,Challenge
Relax With Candy Sort,Unwind and have fun with Candy Sort online. Play Candy Sort online free in your browser. Perfect for a quick gaming break anytime! #CandySort #PuzzleGames #BrowserGames #OnlineGames #PlayMix,https://playmixgames.in/CandySort/,Puzzle Games,images/CandySort_pin_3.png,/Users/gauravpurohit/Documents/GP/Playmix/output/pinterest_pins/images/CandySort_pin_3.png,Candy Sort,Relaxation
Play Veggie Smash Online Free,Play Veggie Smash online free in your browser. Play Veggie Smash online free in your browser. No download or registration required! #VeggieSmash #BrowserGames #ArcadeGames #FreeGames #OnlineGames,https://playmixgames.in/VeggieSmash/,Free Browser Games,images/VeggieSmash_pin_1.png,/Users/gauravpurohit/Documents/GP/Playmix/output/pinterest_pins/images/VeggieSmash_pin_1.png,Veggie Smash,Direct Play
Can You Master Veggie Smash?,Test your skills with Veggie Smash! Play Veggie Smash online free in your browser. Can you solve every level and get the high score? Play free on PlayMix now. #VeggieSmash #BrowserGames #ArcadeGames #FreeGames #OnlineGames,https://playmixgames.in/VeggieSmash/,Free Browser Games,images/VeggieSmash_pin_2.png,/Users/gauravpurohit/Documents/GP/Playmix/output/pinterest_pins/images/VeggieSmash_pin_2.png,Veggie Smash,Challenge
Relax With Veggie Smash,Unwind and have fun with Veggie Smash online. Play Veggie Smash online free in your browser. Perfect for a quick gaming break anytime! #VeggieSmash #BrowserGames #ArcadeGames #FreeGames #OnlineGames,https://playmixgames.in/VeggieSmash/,Free Browser Games,images/VeggieSmash_pin_3.png,/Users/gauravpurohit/Documents/GP/Playmix/output/pinterest_pins/images/VeggieSmash_pin_3.png,Veggie Smash,Relaxation
Play Ball Sort Online Free,Play Ball Sort online free in your browser. Play Ball Sort online free in your browser. No download or registration required! #BallSort #PuzzleGames #BrowserGames #OnlineGames #PlayMix,https://playmixgames.in/BallSort/,Puzzle Games,images/BallSort_pin_1.png,/Users/gauravpurohit/Documents/GP/Playmix/output/pinterest_pins/images/BallSort_pin_1.png,Ball Sort,Direct Play
Can You Master Ball Sort?,Test your skills with Ball Sort! Play Ball Sort online free in your browser. Can you solve every level and get the high score? Play free on PlayMix now. #BallSort #PuzzleGames #BrowserGames #OnlineGames #PlayMix,https://playmixgames.in/BallSort/,Puzzle Games,images/BallSort_pin_2.png,/Users/gauravpurohit/Documents/GP/Playmix/output/pinterest_pins/images/BallSort_pin_2.png,Ball Sort,Challenge
Relax With Ball Sort,Unwind and have fun with Ball Sort online. Play Ball Sort online free in your browser. Perfect for a quick gaming break anytime! #BallSort #PuzzleGames #BrowserGames #OnlineGames #PlayMix,https://playmixgames.in/BallSort/,Puzzle Games,images/BallSort_pin_3.png,/Users/gauravpurohit/Documents/GP/Playmix/output/pinterest_pins/images/BallSort_pin_3.png,Ball Sort,Relaxation
Play Pet Pop Online Free,Play Pet Pop online free in your browser. Play Pet Pop online free in your browser. No download or registration required! #PetPop #FamilyGames #BoardGames #ClassicGames #Ludo,https://playmixgames.in/PetPop/,Family Games,images/PetPop_pin_1.png,/Users/gauravpurohit/Documents/GP/Playmix/output/pinterest_pins/images/PetPop_pin_1.png,Pet Pop,Direct Play
Can You Master Pet Pop?,Test your skills with Pet Pop! Play Pet Pop online free in your browser. Can you solve every level and get the high score? Play free on PlayMix now. #PetPop #FamilyGames #BoardGames #ClassicGames #Ludo,https://playmixgames.in/PetPop/,Family Games,images/PetPop_pin_2.png,/Users/gauravpurohit/Documents/GP/Playmix/output/pinterest_pins/images/PetPop_pin_2.png,Pet Pop,Challenge
Relax With Pet Pop,Unwind and have fun with Pet Pop online. Play Pet Pop online free in your browser. Perfect for a quick gaming break anytime! #PetPop #FamilyGames #BoardGames #ClassicGames #Ludo,https://playmixgames.in/PetPop/,Family Games,images/PetPop_pin_3.png,/Users/gauravpurohit/Documents/GP/Playmix/output/pinterest_pins/images/PetPop_pin_3.png,Pet Pop,Relaxation
Play News Hub Online Free,Play News Hub online free in your browser. Play News Hub online free in your browser. No download or registration required! #NewsHub #BrowserGames #ArcadeGames #FreeGames #OnlineGames,https://playmixgames.in/NewsHub/,Free Browser Games,images/NewsHub_pin_1.png,/Users/gauravpurohit/Documents/GP/Playmix/output/pinterest_pins/images/NewsHub_pin_1.png,News Hub,Direct Play
Can You Master News Hub?,Test your skills with News Hub! Play News Hub online free in your browser. Can you solve every level and get the high score? Play free on PlayMix now. #NewsHub #BrowserGames #ArcadeGames #FreeGames #OnlineGames,https://playmixgames.in/NewsHub/,Free Browser Games,images/NewsHub_pin_2.png,/Users/gauravpurohit/Documents/GP/Playmix/output/pinterest_pins/images/NewsHub_pin_2.png,News Hub,Challenge
Relax With News Hub,Unwind and have fun with News Hub online. Play News Hub online free in your browser. Perfect for a quick gaming break anytime! #NewsHub #BrowserGames #ArcadeGames #FreeGames #OnlineGames,https://playmixgames.in/NewsHub/,Free Browser Games,images/NewsHub_pin_3.png,/Users/gauravpurohit/Documents/GP/Playmix/output/pinterest_pins/images/NewsHub_pin_3.png,News Hub,Relaxation
Play Candy Bubble Pop Online Free,Play Candy Bubble Pop online free in your browser. Play Candy Bubble Pop online free in your browser. No download or registration required! #CandyBubblePop #RelaxingGames #CasualGames #AntiStress #BrowserGames,https://playmixgames.in/CandyBubblePop/,Relaxing Games,images/CandyBubblePop_pin_1.png,/Users/gauravpurohit/Documents/GP/Playmix/output/pinterest_pins/images/CandyBubblePop_pin_1.png,Candy Bubble Pop,Direct Play
Can You Master Candy Bubble Pop?,Test your skills with Candy Bubble Pop! Play Candy Bubble Pop online free in your browser. Can you solve every level and get the high score? Play free on PlayMix now. #CandyBubblePop #RelaxingGames #CasualGames #AntiStress #BrowserGames,https://playmixgames.in/CandyBubblePop/,Relaxing Games,images/CandyBubblePop_pin_2.png,/Users/gauravpurohit/Documents/GP/Playmix/output/pinterest_pins/images/CandyBubblePop_pin_2.png,Candy Bubble Pop,Challenge
Relax With Candy Bubble Pop,Unwind and have fun with Candy Bubble Pop online. Play Candy Bubble Pop online free in your browser. Perfect for a quick gaming break anytime! #CandyBubblePop #RelaxingGames #CasualGames #AntiStress #BrowserGames,https://playmixgames.in/CandyBubblePop/,Relaxing Games,images/CandyBubblePop_pin_3.png,/Users/gauravpurohit/Documents/GP/Playmix/output/pinterest_pins/images/CandyBubblePop_pin_3.png,Candy Bubble Pop,Relaxation
Play Virus Shooter Online Free,Play Virus Shooter online free in your browser. Play Virus Shooter online free in your browser. No download or registration required! #VirusShooter #BrowserGames #ArcadeGames #FreeGames #OnlineGames,https://playmixgames.in/VirusShooter/,Free Browser Games,images/VirusShooter_pin_1.png,/Users/gauravpurohit/Documents/GP/Playmix/output/pinterest_pins/images/VirusShooter_pin_1.png,Virus Shooter,Direct Play
Can You Master Virus Shooter?,Test your skills with Virus Shooter! Play Virus Shooter online free in your browser. Can you solve every level and get the high score? Play free on PlayMix now. #VirusShooter #BrowserGames #ArcadeGames #FreeGames #OnlineGames,https://playmixgames.in/VirusShooter/,Free Browser Games,images/VirusShooter_pin_2.png,/Users/gauravpurohit/Documents/GP/Playmix/output/pinterest_pins/images/VirusShooter_pin_2.png,Virus Shooter,Challenge
Relax With Virus Shooter,Unwind and have fun with Virus Shooter online. Play Virus Shooter online free in your browser. Perfect for a quick gaming break anytime! #VirusShooter #BrowserGames #ArcadeGames #FreeGames #OnlineGames,https://playmixgames.in/VirusShooter/,Free Browser Games,images/VirusShooter_pin_3.png,/Users/gauravpurohit/Documents/GP/Playmix/output/pinterest_pins/images/VirusShooter_pin_3.png,Virus Shooter,Relaxation
Play Weather Map Online Free,Play Weather Map online free in your browser. Play Weather Map online free in your browser. No download or registration required! #WeatherMap #BrowserGames #ArcadeGames #FreeGames #OnlineGames,https://playmixgames.in/WeatherMap/,Free Browser Games,images/WeatherMap_pin_1.png,/Users/gauravpurohit/Documents/GP/Playmix/output/pinterest_pins/images/WeatherMap_pin_1.png,Weather Map,Direct Play
Can You Master Weather Map?,Test your skills with Weather Map! Play Weather Map online free in your browser. Can you solve every level and get the high score? Play free on PlayMix now. #WeatherMap #BrowserGames #ArcadeGames #FreeGames #OnlineGames,https://playmixgames.in/WeatherMap/,Free Browser Games,images/WeatherMap_pin_2.png,/Users/gauravpurohit/Documents/GP/Playmix/output/pinterest_pins/images/WeatherMap_pin_2.png,Weather Map,Challenge
Relax With Weather Map,Unwind and have fun with Weather Map online. Play Weather Map online free in your browser. Perfect for a quick gaming break anytime! #WeatherMap #BrowserGames #ArcadeGames #FreeGames #OnlineGames,https://playmixgames.in/WeatherMap/,Free Browser Games,images/WeatherMap_pin_3.png,/Users/gauravpurohit/Documents/GP/Playmix/output/pinterest_pins/images/WeatherMap_pin_3.png,Weather Map,Relaxation
Play Fruit Sort Online Free,Play Fruit Sort online free in your browser. Play Fruit Sort online free in your browser. No download or registration required! #FruitSort #PuzzleGames #BrowserGames #OnlineGames #PlayMix,https://playmixgames.in/FruitSort/,Puzzle Games,images/FruitSort_pin_1.png,/Users/gauravpurohit/Documents/GP/Playmix/output/pinterest_pins/images/FruitSort_pin_1.png,Fruit Sort,Direct Play
Can You Master Fruit Sort?,Test your skills with Fruit Sort! Play Fruit Sort online free in your browser. Can you solve every level and get the high score? Play free on PlayMix now. #FruitSort #PuzzleGames #BrowserGames #OnlineGames #PlayMix,https://playmixgames.in/FruitSort/,Puzzle Games,images/FruitSort_pin_2.png,/Users/gauravpurohit/Documents/GP/Playmix/output/pinterest_pins/images/FruitSort_pin_2.png,Fruit Sort,Challenge
Relax With Fruit Sort,Unwind and have fun with Fruit Sort online. Play Fruit Sort online free in your browser. Perfect for a quick gaming break anytime! #FruitSort #PuzzleGames #BrowserGames #OnlineGames #PlayMix,https://playmixgames.in/FruitSort/,Puzzle Games,images/FruitSort_pin_3.png,/Users/gauravpurohit/Documents/GP/Playmix/output/pinterest_pins/images/FruitSort_pin_3.png,Fruit Sort,Relaxation
Play Egg Sort Online Free,Play Egg Sort online free in your browser. Play Egg Sort online free in your browser. No download or registration required! #EggSort #PuzzleGames #BrowserGames #OnlineGames #PlayMix,https://playmixgames.in/EggSort/,Puzzle Games,images/EggSort_pin_1.png,/Users/gauravpurohit/Documents/GP/Playmix/output/pinterest_pins/images/EggSort_pin_1.png,Egg Sort,Direct Play
Can You Master Egg Sort?,Test your skills with Egg Sort! Play Egg Sort online free in your browser. Can you solve every level and get the high score? Play free on PlayMix now. #EggSort #PuzzleGames #BrowserGames #OnlineGames #PlayMix,https://playmixgames.in/EggSort/,Puzzle Games,images/EggSort_pin_2.png,/Users/gauravpurohit/Documents/GP/Playmix/output/pinterest_pins/images/EggSort_pin_2.png,Egg Sort,Challenge
Relax With Egg Sort,Unwind and have fun with Egg Sort online. Play Egg Sort online free in your browser. Perfect for a quick gaming break anytime! #EggSort #PuzzleGames #BrowserGames #OnlineGames #PlayMix,https://playmixgames.in/EggSort/,Puzzle Games,images/EggSort_pin_3.png,/Users/gauravpurohit/Documents/GP/Playmix/output/pinterest_pins/images/EggSort_pin_3.png,Egg Sort,Relaxation
Play Gem Match Online Free,Play Gem Match online free in your browser. Play Gem Match online free in your browser. No download or registration required! #GemMatch #PuzzleGames #BrowserGames #OnlineGames #PlayMix,https://playmixgames.in/GemMatch/,Puzzle Games,images/GemMatch_pin_1.png,/Users/gauravpurohit/Documents/GP/Playmix/output/pinterest_pins/images/GemMatch_pin_1.png,Gem Match,Direct Play
Can You Master Gem Match?,Test your skills with Gem Match! Play Gem Match online free in your browser. Can you solve every level and get the high score? Play free on PlayMix now. #GemMatch #PuzzleGames #BrowserGames #OnlineGames #PlayMix,https://playmixgames.in/GemMatch/,Puzzle Games,images/GemMatch_pin_2.png,/Users/gauravpurohit/Documents/GP/Playmix/output/pinterest_pins/images/GemMatch_pin_2.png,Gem Match,Challenge
Relax With Gem Match,Unwind and have fun with Gem Match online. Play Gem Match online free in your browser. Perfect for a quick gaming break anytime! #GemMatch #PuzzleGames #BrowserGames #OnlineGames #PlayMix,https://playmixgames.in/GemMatch/,Puzzle Games,images/GemMatch_pin_3.png,/Users/gauravpurohit/Documents/GP/Playmix/output/pinterest_pins/images/GemMatch_pin_3.png,Gem Match,Relaxation
Play Odd One Out Online Free,Play Odd One Out online free in your browser. Play Odd One Out online free in your browser. No download or registration required! #OddOneOut #HiddenObjectGames #WordGames #BrowserGames #OnlineGames,https://playmixgames.in/OddOneOut/,Hidden Object Games,images/OddOneOut_pin_1.png,/Users/gauravpurohit/Documents/GP/Playmix/output/pinterest_pins/images/OddOneOut_pin_1.png,Odd One Out,Direct Play
Can You Master Odd One Out?,Test your skills with Odd One Out! Play Odd One Out online free in your browser. Can you solve every level and get the high score? Play free on PlayMix now. #OddOneOut #HiddenObjectGames #WordGames #BrowserGames #OnlineGames,https://playmixgames.in/OddOneOut/,Hidden Object Games,images/OddOneOut_pin_2.png,/Users/gauravpurohit/Documents/GP/Playmix/output/pinterest_pins/images/OddOneOut_pin_2.png,Odd One Out,Challenge
Relax With Odd One Out,Unwind and have fun with Odd One Out online. Play Odd One Out online free in your browser. Perfect for a quick gaming break anytime! #OddOneOut #HiddenObjectGames #WordGames #BrowserGames #OnlineGames,https://playmixgames.in/OddOneOut/,Hidden Object Games,images/OddOneOut_pin_3.png,/Users/gauravpurohit/Documents/GP/Playmix/output/pinterest_pins/images/OddOneOut_pin_3.png,Odd One Out,Relaxation
Play Marble Blast Online Free,Play Marble Blast online free in your browser. Play Marble Blast online free in your browser. No download or registration required! #MarbleBlast #BrowserGames #ArcadeGames #FreeGames #OnlineGames,https://playmixgames.in/MarbleBlast/,Free Browser Games,images/MarbleBlast_pin_1.png,/Users/gauravpurohit/Documents/GP/Playmix/output/pinterest_pins/images/MarbleBlast_pin_1.png,Marble Blast,Direct Play
Can You Master Marble Blast?,Test your skills with Marble Blast! Play Marble Blast online free in your browser. Can you solve every level and get the high score? Play free on PlayMix now. #MarbleBlast #BrowserGames #ArcadeGames #FreeGames #OnlineGames,https://playmixgames.in/MarbleBlast/,Free Browser Games,images/MarbleBlast_pin_2.png,/Users/gauravpurohit/Documents/GP/Playmix/output/pinterest_pins/images/MarbleBlast_pin_2.png,Marble Blast,Challenge
Relax With Marble Blast,Unwind and have fun with Marble Blast online. Play Marble Blast online free in your browser. Perfect for a quick gaming break anytime! #MarbleBlast #BrowserGames #ArcadeGames #FreeGames #OnlineGames,https://playmixgames.in/MarbleBlast/,Free Browser Games,images/MarbleBlast_pin_3.png,/Users/gauravpurohit/Documents/GP/Playmix/output/pinterest_pins/images/MarbleBlast_pin_3.png,Marble Blast,Relaxation
Play Number Balloon Shooter Online Free,Play Number Balloon Shooter online free in your browser. Play Number Balloon Shooter online free in your browser. No download or registration required! #NumberBalloonShooter #BrainGames #MathGames #Sudoku #LogicPuzzles,https://playmixgames.in/NumberBalloonShooter/,Brain Games,images/NumberBalloonShooter_pin_1.png,/Users/gauravpurohit/Documents/GP/Playmix/output/pinterest_pins/images/NumberBalloonShooter_pin_1.png,Number Balloon Shooter,Direct Play
Can You Master Number Balloon Shooter?,Test your skills with Number Balloon Shooter! Play Number Balloon Shooter online free in your browser. Can you solve every level and get the high score? Play free on PlayMix now. #NumberBalloonShooter #BrainGames #MathGames #Sudoku #LogicPuzzles,https://playmixgames.in/NumberBalloonShooter/,Brain Games,images/NumberBalloonShooter_pin_2.png,/Users/gauravpurohit/Documents/GP/Playmix/output/pinterest_pins/images/NumberBalloonShooter_pin_2.png,Number Balloon Shooter,Challenge
Relax With Number Balloon Shooter,Unwind and have fun with Number Balloon Shooter online. Play Number Balloon Shooter online free in your browser. Perfect for a quick gaming break anytime! #NumberBalloonShooter #BrainGames #MathGames #Sudoku #LogicPuzzles,https://playmixgames.in/NumberBalloonShooter/,Brain Games,images/NumberBalloonShooter_pin_3.png,/Users/gauravpurohit/Documents/GP/Playmix/output/pinterest_pins/images/NumberBalloonShooter_pin_3.png,Number Balloon Shooter,Relaxation
Play Gem Shooter Online Free,Play Gem Shooter online free in your browser. Play Gem Shooter online free in your browser. No download or registration required! #GemShooter #BrowserGames #ArcadeGames #FreeGames #OnlineGames,https://playmixgames.in/GemShooter/,Free Browser Games,images/GemShooter_pin_1.png,/Users/gauravpurohit/Documents/GP/Playmix/output/pinterest_pins/images/GemShooter_pin_1.png,Gem Shooter,Direct Play
Can You Master Gem Shooter?,Test your skills with Gem Shooter! Play Gem Shooter online free in your browser. Can you solve every level and get the high score? Play free on PlayMix now. #GemShooter #BrowserGames #ArcadeGames #FreeGames #OnlineGames,https://playmixgames.in/GemShooter/,Free Browser Games,images/GemShooter_pin_2.png,/Users/gauravpurohit/Documents/GP/Playmix/output/pinterest_pins/images/GemShooter_pin_2.png,Gem Shooter,Challenge
Relax With Gem Shooter,Unwind and have fun with Gem Shooter online. Play Gem Shooter online free in your browser. Perfect for a quick gaming break anytime! #GemShooter #BrowserGames #ArcadeGames #FreeGames #OnlineGames,https://playmixgames.in/GemShooter/,Free Browser Games,images/GemShooter_pin_3.png,/Users/gauravpurohit/Documents/GP/Playmix/output/pinterest_pins/images/GemShooter_pin_3.png,Gem Shooter,Relaxation
Play World Tour Online Free,Play World Tour online free in your browser. Play World Tour online free in your browser. No download or registration required! #WorldTour #BrowserGames #ArcadeGames #FreeGames #OnlineGames,https://playmixgames.in/WorldTour/,Free Browser Games,images/WorldTour_pin_1.png,/Users/gauravpurohit/Documents/GP/Playmix/output/pinterest_pins/images/WorldTour_pin_1.png,World Tour,Direct Play
Can You Master World Tour?,Test your skills with World Tour! Play World Tour online free in your browser. Can you solve every level and get the high score? Play free on PlayMix now. #WorldTour #BrowserGames #ArcadeGames #FreeGames #OnlineGames,https://playmixgames.in/WorldTour/,Free Browser Games,images/WorldTour_pin_2.png,/Users/gauravpurohit/Documents/GP/Playmix/output/pinterest_pins/images/WorldTour_pin_2.png,World Tour,Challenge
Relax With World Tour,Unwind and have fun with World Tour online. Play World Tour online free in your browser. Perfect for a quick gaming break anytime! #WorldTour #BrowserGames #ArcadeGames #FreeGames #OnlineGames,https://playmixgames.in/WorldTour/,Free Browser Games,images/WorldTour_pin_3.png,/Users/gauravpurohit/Documents/GP/Playmix/output/pinterest_pins/images/WorldTour_pin_3.png,World Tour,Relaxation
Play Planet Shooter Online Free,Play Planet Shooter online free in your browser. Play Planet Shooter online free in your browser. No download or registration required! #PlanetShooter #BrowserGames #ArcadeGames #FreeGames #OnlineGames,https://playmixgames.in/PlanetShooter/,Free Browser Games,images/PlanetShooter_pin_1.png,/Users/gauravpurohit/Documents/GP/Playmix/output/pinterest_pins/images/PlanetShooter_pin_1.png,Planet Shooter,Direct Play
Can You Master Planet Shooter?,Test your skills with Planet Shooter! Play Planet Shooter online free in your browser. Can you solve every level and get the high score? Play free on PlayMix now. #PlanetShooter #BrowserGames #ArcadeGames #FreeGames #OnlineGames,https://playmixgames.in/PlanetShooter/,Free Browser Games,images/PlanetShooter_pin_2.png,/Users/gauravpurohit/Documents/GP/Playmix/output/pinterest_pins/images/PlanetShooter_pin_2.png,Planet Shooter,Challenge
Relax With Planet Shooter,Unwind and have fun with Planet Shooter online. Play Planet Shooter online free in your browser. Perfect for a quick gaming break anytime! #PlanetShooter #BrowserGames #ArcadeGames #FreeGames #OnlineGames,https://playmixgames.in/PlanetShooter/,Free Browser Games,images/PlanetShooter_pin_3.png,/Users/gauravpurohit/Documents/GP/Playmix/output/pinterest_pins/images/PlanetShooter_pin_3.png,Planet Shooter,Relaxation
